timestamp,detected_object,confidence_level,spray_status
"10/21/2025, 7:27:46 PM",snail-infested crops:66.8%,66.8,off
"10/21/2025, 7:28:05 PM",dead crops:74.1%,74.1,off
"10/21/2025, 7:29:14 PM",snail-infested crops:60.6%,60.6,off
"10/21/2025, 7:34:20 PM",snail-infested crops:75.0%,75,off
"10/21/2025, 7:34:33 PM",dead crops:69.9%,69.9,off
"10/21/2025, 7:34:38 PM",dead crops:78.1%,78.1,off
"10/21/2025, 7:34:48 PM",snail-infested crops:78.9%,78.9,off
"10/21/2025, 7:36:05 PM",snail-infested crops:89.9%,89.9,off
"10/21/2025, 7:36:08 PM","snail-infested crops:89.5%,snail-infested crops:69.1%",89.5,off
"10/21/2025, 7:36:10 PM",snail-infested crops:92.0%,92,off
"10/21/2025, 7:36:13 PM",snail-infested crops:93.6%,93.6,off
"10/21/2025, 7:36:15 PM",snail-infested crops:93.2%,93.2,off
"10/21/2025, 7:36:18 PM",snail-infested crops:90.5%,90.5,off
"10/21/2025, 7:36:20 PM",snail-infested crops:93.2%,93.2,off
"10/21/2025, 7:36:23 PM",snail-infested crops:93.7%,93.7,off
"10/21/2025, 7:36:25 PM",snail-infested crops:89.1%,89.1,off
"10/21/2025, 7:36:28 PM",snail-infested crops:89.3%,89.3,off
"10/21/2025, 7:36:33 PM",snail-infested crops:93.8%,93.8,off
"10/21/2025, 7:36:35 PM",snail-infested crops:90.4%,90.4,off
"10/21/2025, 7:36:38 PM",snail-infested crops:81.6%,81.6,off
"10/21/2025, 7:36:40 PM",snail-infested crops:86.4%,86.4,off
"10/21/2025, 7:36:43 PM",snail-infested crops:90.3%,90.3,off
"10/21/2025, 7:36:45 PM","snail-infested crops:84.8%,snail-infested crops:77.7%",84.8,off
"10/21/2025, 7:36:48 PM",snail-infested crops:93.3%,93.3,off
"10/21/2025, 7:36:50 PM",snail-infested crops:91.5%,91.5,off
"10/21/2025, 9:29:17 PM","snail-infested crops:22.3%,snail-infested crops:15.8%,snail-infested crops:12.1%,snail-infested crops:10.2%",22.3,off
"10/21/2025, 9:29:27 PM","dead crops:28.0%,snail-infested crops:23.7%",28,off
"10/21/2025, 9:29:28 PM","snail-infested crops:64.8%,snail-infested crops:18.5%,snail-infested crops:14.9%,snail-infested crops:14.4%,dead crops:13.2%",64.8,off
"10/21/2025, 9:29:32 PM","dead crops:18.2%,snail-infested crops:10.2%",18.2,off
"10/21/2025, 9:29:35 PM","dead crops:87.7%,snail-infested crops:22.9%",87.7,off
"10/21/2025, 9:29:37 PM","dead crops:87.7%,snail-infested crops:22.9%",87.7,off
"10/21/2025, 9:29:38 PM","dead crops:71.3%,snail-infested crops:23.5%,snail-infested crops:15.4%",71.3,off
"10/21/2025, 9:29:41 PM","snail-infested crops:13.9%,snail-infested crops:13.6%,dead crops:10.2%",13.9,off
"10/21/2025, 9:29:43 PM","snail-infested crops:19.9%,snail-infested crops:16.1%",19.9,off
"10/21/2025, 9:29:46 PM",snail-infested crops:10.8%,10.8,off
"10/21/2025, 9:29:51 PM",snail-infested crops:26.2%,26.2,off
"10/21/2025, 9:29:54 PM",snail-infested crops:19.0%,19,off
"10/21/2025, 9:29:57 PM","snail-infested crops:46.9%,snail-infested crops:11.1%,snail-infested crops:10.9%",46.9,off
"10/21/2025, 9:29:59 PM","snail-infested crops:13.3%,snail-infested crops:11.8%",13.3,off
"10/21/2025, 9:30:02 PM","snail-infested crops:30.4%,snail-infested crops:10.8%,snail-infested crops:10.1%",30.4,off
"10/21/2025, 9:30:17 PM","snail-infested crops:38.9%,snail-infested crops:17.7%,snail-infested crops:13.4%,healthy crops:10.2%",38.9,off
"10/21/2025, 9:30:18 PM",snail-infested crops:14.6%,14.6,off
"10/21/2025, 9:30:23 PM",snail-infested crops:12.8%,12.8,off
"10/21/2025, 9:30:24 PM",snail-infested crops:20.0%,20,off
"10/21/2025, 9:30:27 PM",snail-infested crops:15.6%,15.6,off
"10/21/2025, 9:30:33 PM",snail-infested crops:13.7%,13.7,off
"10/21/2025, 9:30:46 PM",snail-infested crops:43.8%,43.8,off
"10/21/2025, 9:35:48 PM",snail-infested crops:35.8%,35.8,off
"10/21/2025, 9:35:51 PM",snail-infested crops:52.1%,52.1,off
"10/21/2025, 9:35:53 PM",snail-infested crops:52.1%,52.1,off
"10/21/2025, 9:35:56 PM",snail-infested crops:28.9%,28.9,off
"10/21/2025, 9:35:58 PM",snail-infested crops:28.9%,28.9,off
"10/21/2025, 9:36:01 PM","snail-infested crops:76.2%,snail-infested crops:27.9%",76.2,off
"10/21/2025, 9:36:03 PM",snail-infested crops:70.6%,70.6,off
"10/21/2025, 9:36:06 PM",snail-infested crops:70.6%,70.6,off
"10/21/2025, 9:36:09 PM","dead crops:58.0%,stressed crops:17.7%,healthy crops:17.7%,snail-infested crops:17.0%,snail-infested crops:10.9%",58,off
"10/21/2025, 9:36:18 PM","snail-infested crops:41.1%,dead crops:22.3%",41.1,off
"10/21/2025, 9:36:27 PM","snail-infested crops:44.2%,dead crops:13.5%",44.2,off
"10/21/2025, 9:36:33 PM","snail-infested crops:50.2%,dead crops:49.7%,snail-infested crops:15.1%",50.2,off
"10/21/2025, 9:36:52 PM","snail-infested crops:55.2%,snail-infested crops:12.9%",55.2,off
"10/21/2025, 9:37:21 PM",snail-infested crops:27.8%,27.8,off
"10/21/2025, 9:37:45 PM","snail-infested crops:46.6%,snail-infested crops:26.2%",46.6,off
"10/21/2025, 9:38:46 PM",snail-infested crops:51.1%,51.1,off
"10/21/2025, 9:38:49 PM",snail-infested crops:40.5%,40.5,off
"10/21/2025, 9:39:04 PM",snail-infested crops:24.8%,24.8,off
"10/21/2025, 9:39:06 PM",snail-infested crops:18.8%,18.8,off
"10/21/2025, 9:39:09 PM",snail-infested crops:18.2%,18.2,off
"10/21/2025, 9:50:41 PM",dead crops:13.8%,13.8,off
"10/21/2025, 9:50:43 PM",dead crops:13.8%,13.8,off
"10/21/2025, 9:50:53 PM",snail-infested crops:13.0%,13,off
"10/21/2025, 9:50:56 PM",snail-infested crops:13.0%,13,off
"10/21/2025, 9:50:58 PM",snail-infested crops:13.0%,13,off
"10/21/2025, 9:51:01 PM",snail-infested crops:13.0%,13,off
"10/21/2025, 9:51:05 PM",snail-infested crops:33.3%,33.3,off
"10/21/2025, 9:51:07 PM",snail-infested crops:23.3%,23.3,off
"10/21/2025, 9:51:08 PM",snail-infested crops:23.3%,23.3,off
"10/21/2025, 9:51:11 PM",snail-infested crops:23.3%,23.3,off
"10/21/2025, 9:51:13 PM","snail-infested crops:44.2%,snail-infested crops:28.5%,stressed crops:17.2%",44.2,off
"10/21/2025, 9:51:17 PM","snail-infested crops:44.2%,snail-infested crops:28.5%,stressed crops:17.2%",44.2,off
"10/21/2025, 9:51:19 PM","snail-infested crops:44.2%,snail-infested crops:28.5%,stressed crops:17.2%",44.2,off
"10/21/2025, 9:51:21 PM","snail-infested crops:44.2%,snail-infested crops:28.5%,stressed crops:17.2%",44.2,off
"10/21/2025, 9:51:24 PM","snail-infested crops:44.2%,snail-infested crops:28.5%,stressed crops:17.2%",44.2,off
"10/21/2025, 9:51:28 PM",snail-infested crops:14.9%,14.9,off
"10/21/2025, 9:51:29 PM",snail-infested crops:14.9%,14.9,off
"10/21/2025, 10:01:41 PM",snail-infested crops:66.9%,66.9,off
"10/21/2025, 10:01:47 PM",snail-infested crops:51.3%,51.3,off
"10/21/2025, 10:01:56 PM",snail-infested crops:68.6%,68.6,off
"10/21/2025, 10:03:38 PM",snail-infested crops:67.6%,67.6,off
"10/21/2025, 10:03:44 PM",stressed crops:62.6%,62.6,off
"10/21/2025, 10:03:48 PM",snail-infested crops:70.8%,70.8,off
"10/21/2025, 10:03:45 PM",stressed crops:62.6%,62.6,off
"10/21/2025, 10:03:50 PM",snail-infested crops:73.2%,73.2,off
"10/21/2025, 10:03:53 PM",snail-infested crops:63.3%,63.3,off
"10/21/2025, 10:03:55 PM",snail-infested crops:77.0%,77,off
"10/21/2025, 10:04:00 PM",snail-infested crops:77.6%,77.6,off
"10/21/2025, 10:04:03 PM",snail-infested crops:86.9%,86.9,off
"10/21/2025, 10:04:05 PM",snail-infested crops:86.9%,86.9,off
"10/21/2025, 10:04:08 PM",snail-infested crops:83.9%,83.9,off
"10/21/2025, 10:04:10 PM",snail-infested crops:82.9%,82.9,off
"10/21/2025, 10:04:12 PM",snail-infested crops:87.9%,87.9,off
"10/21/2025, 10:04:15 PM",snail-infested crops:71.6%,71.6,off
"10/21/2025, 10:04:18 PM",snail-infested crops:71.6%,71.6,off
"10/21/2025, 10:04:20 PM",snail-infested crops:71.6%,71.6,off
"10/21/2025, 10:04:22 PM",snail-infested crops:85.9%,85.9,off
"10/21/2025, 10:04:27 PM",snail-infested crops:70.9%,70.9,off
"10/21/2025, 10:04:28 PM",snail-infested crops:81.7%,81.7,off
"10/21/2025, 10:17:48 PM",snail-infested crops:63.7%,63.7,off
"10/21/2025, 10:18:32 PM",stressed crops:73.5%,73.5,off
"10/21/2025, 10:18:50 PM",snail-infested crops:60.2%,60.2,off
"10/21/2025, 10:18:57 PM",snail-infested crops:66.0%,66,off
"10/21/2025, 10:19:02 PM",snail-infested crops:55.7%,55.7,off
"10/21/2025, 10:19:07 PM",snail-infested crops:71.8%,71.8,off
"10/21/2025, 10:19:10 PM",snail-infested crops:79.2%,79.2,off
"10/21/2025, 10:19:16 PM",snail-infested crops:72.4%,72.4,off
"10/21/2025, 10:19:24 PM",snail-infested crops:71.0%,71,off
"10/21/2025, 10:19:27 PM",snail-infested crops:68.9%,68.9,off
"10/21/2025, 10:19:29 PM",snail-infested crops:68.9%,68.9,off
"10/21/2025, 10:19:32 PM",snail-infested crops:79.3%,79.3,off
"10/21/2025, 10:19:35 PM",snail-infested crops:63.0%,63,off
"10/21/2025, 10:19:40 PM",snail-infested crops:56.1%,56.1,off
"10/21/2025, 10:19:42 PM",snail-infested crops:63.9%,63.9,off
"10/21/2025, 10:19:44 PM",snail-infested crops:60.7%,60.7,off
"10/21/2025, 10:19:47 PM",snail-infested crops:60.7%,60.7,off
"10/21/2025, 10:19:50 PM",snail-infested crops:57.9%,57.9,off
"10/21/2025, 10:19:52 PM",dead crops:62.7%,62.7,off
"10/21/2025, 10:19:55 PM",dead crops:51.5%,51.5,off
"10/21/2025, 10:20:09 PM",healthy crops:51.9%,51.9,off
"10/21/2025, 10:20:17 PM",snail-infested crops:64.6%,64.6,off
"10/21/2025, 10:20:19 PM",snail-infested crops:68.4%,68.4,off
"10/21/2025, 10:20:22 PM",snail-infested crops:68.4%,68.4,off
"10/22/2025, 9:53:46 AM",snail-infested crops:69.5%,69.5,off
"10/22/2025, 9:53:58 AM",snail-infested crops:77.1%,77.1,off
"10/22/2025, 9:53:59 AM",snail-infested crops:92.3%,92.3,off
"10/22/2025, 9:54:01 AM",snail-infested crops:86.0%,86,off
"10/22/2025, 9:54:04 AM",snail-infested crops:94.0%,94,off
"10/22/2025, 9:54:06 AM",snail-infested crops:91.5%,91.5,off
"10/22/2025, 9:54:09 AM",snail-infested crops:93.1%,93.1,off
"10/22/2025, 9:54:11 AM",snail-infested crops:90.6%,90.6,off
"10/22/2025, 9:54:14 AM",dead crops:55.9%,55.9,off
"10/22/2025, 9:54:16 AM",snail-infested crops:85.0%,85,off
"10/22/2025, 9:54:19 AM",snail-infested crops:84.7%,84.7,off
"10/22/2025, 9:54:22 AM",snail-infested crops:90.3%,90.3,off
"10/22/2025, 9:54:24 AM",snail-infested crops:93.9%,93.9,off
"10/22/2025, 9:54:26 AM",snail-infested crops:92.3%,92.3,off
"10/22/2025, 9:54:29 AM",snail-infested crops:91.2%,91.2,off
"10/22/2025, 9:54:31 AM",snail-infested crops:94.3%,94.3,off
"10/22/2025, 9:54:34 AM",snail-infested crops:84.1%,84.1,off
"10/22/2025, 9:54:36 AM",snail-infested crops:88.2%,88.2,off
"10/22/2025, 9:54:39 AM","snail-infested crops:61.0%,stressed crops:55.4%",61,off
"10/22/2025, 9:54:56 AM",snail-infested crops:55.6%,55.6,off
"10/22/2025, 9:54:59 AM",dead crops:57.6%,57.6,off
"10/22/2025, 9:55:06 AM",snail-infested crops:75.7%,75.7,off
"10/22/2025, 9:55:11 AM",snail-infested crops:84.1%,84.1,off
"10/22/2025, 9:55:14 AM",snail-infested crops:86.0%,86,off
"10/22/2025, 9:55:16 AM",snail-infested crops:74.3%,74.3,off
"10/22/2025, 9:55:19 AM",snail-infested crops:78.1%,78.1,off
"10/22/2025, 9:55:21 AM",snail-infested crops:71.2%,71.2,off
"10/22/2025, 9:55:24 AM",snail-infested crops:71.8%,71.8,off
"10/22/2025, 9:55:26 AM",snail-infested crops:90.4%,90.4,off
"10/22/2025, 9:55:39 AM",snail-infested crops:71.1%,71.1,off
"10/22/2025, 9:55:41 AM",snail-infested crops:81.7%,81.7,off
"10/22/2025, 9:55:49 AM",snail-infested crops:56.0%,56,off
"10/22/2025, 9:55:51 AM",snail-infested crops:68.8%,68.8,off
"10/22/2025, 9:57:06 AM",dead crops:75.6%,75.6,off
"10/22/2025, 9:57:09 AM",dead crops:64.2%,64.2,off
"10/22/2025, 9:57:14 AM",dead crops:78.3%,78.3,off
"10/22/2025, 9:57:19 AM",dead crops:71.0%,71,off
"10/22/2025, 9:57:21 AM",dead crops:84.3%,84.3,off
"10/22/2025, 9:57:16 AM",dead crops:61.8%,61.8,off
"10/22/2025, 9:57:24 AM",dead crops:64.3%,64.3,off
"10/22/2025, 9:57:26 AM",dead crops:56.5%,56.5,off
"10/22/2025, 9:57:29 AM",snail-infested crops:60.0%,60,off
"10/22/2025, 9:57:34 AM",snail-infested crops:59.5%,59.5,off
"10/22/2025, 9:57:36 AM",snail-infested crops:54.1%,54.1,off
"10/22/2025, 9:57:39 AM",dead crops:61.3%,61.3,off
"10/22/2025, 9:57:41 AM",dead crops:68.5%,68.5,off
"10/22/2025, 9:57:51 AM",snail-infested crops:75.5%,75.5,off
"10/22/2025, 9:59:11 AM",snail-infested crops:82.8%,82.8,off
"10/22/2025, 9:59:14 AM",dead crops:88.1%,88.1,off
"10/22/2025, 9:59:16 AM",dead crops:85.3%,85.3,off
"10/22/2025, 9:59:19 AM","dead crops:67.7%,snail-infested crops:55.7%",67.7,off
"10/22/2025, 9:59:21 AM",dead crops:86.0%,86,off
"10/22/2025, 9:59:24 AM","dead crops:72.1%,snail-infested crops:60.4%",72.1,off
"10/22/2025, 9:59:26 AM","dead crops:71.4%,snail-infested crops:55.8%",71.4,off
"10/22/2025, 9:59:29 AM",snail-infested crops:91.5%,91.5,off
"10/22/2025, 9:59:32 AM",snail-infested crops:83.5%,83.5,off
"10/22/2025, 9:59:34 AM",snail-infested crops:90.8%,90.8,off
"10/22/2025, 9:59:36 AM",snail-infested crops:79.1%,79.1,off
"10/22/2025, 9:59:39 AM",dead crops:77.1%,77.1,off
"10/22/2025, 9:59:41 AM",dead crops:64.9%,64.9,off
"10/22/2025, 9:59:44 AM",dead crops:87.8%,87.8,off
"10/22/2025, 9:59:46 AM","snail-infested crops:68.0%,dead crops:63.4%",68,off
"10/22/2025, 9:59:49 AM","dead crops:71.1%,snail-infested crops:61.2%",71.1,off
"10/22/2025, 9:59:51 AM","dead crops:68.8%,snail-infested crops:67.9%",68.8,off
"10/22/2025, 9:59:54 AM","snail-infested crops:77.2%,dead crops:51.2%",77.2,off
"10/22/2025, 9:59:56 AM",snail-infested crops:89.4%,89.4,off
"10/22/2025, 9:59:59 AM","dead crops:76.2%,snail-infested crops:56.1%",76.2,off
"10/22/2025, 10:00:01 AM",snail-infested crops:82.5%,82.5,off
"10/22/2025, 10:00:04 AM","dead crops:75.9%,snail-infested crops:54.6%",75.9,off
"10/22/2025, 10:00:06 AM","snail-infested crops:77.6%,dead crops:55.0%",77.6,off
"10/22/2025, 10:00:09 AM","dead crops:67.7%,snail-infested crops:64.6%",67.7,off
"10/22/2025, 10:00:11 AM",dead crops:90.7%,90.7,off
"10/22/2025, 10:00:19 AM",snail-infested crops:78.7%,78.7,off
"10/22/2025, 10:00:21 AM",dead crops:51.8%,51.8,off
"10/22/2025, 10:00:24 AM",dead crops:83.1%,83.1,off
"10/22/2025, 10:00:26 AM",dead crops:90.0%,90,off
"10/22/2025, 10:00:31 AM",dead crops:53.9%,53.9,off
"10/22/2025, 10:00:34 AM",dead crops:50.2%,50.2,off
"10/22/2025, 10:00:39 AM",dead crops:75.0%,75,off
"10/22/2025, 10:00:41 AM",dead crops:71.1%,71.1,off
"10/22/2025, 10:00:44 AM",dead crops:53.9%,53.9,off
"10/22/2025, 10:00:46 AM",dead crops:54.3%,54.3,off
"10/22/2025, 10:18:09 AM",healthy crops:75.2%,75.2,off
"10/22/2025, 10:18:10 AM",dead crops:77.9%,77.9,off
"10/22/2025, 10:18:12 AM",dead crops:73.6%,73.6,off
"10/22/2025, 10:18:15 AM",dead crops:79.5%,79.5,off
"10/22/2025, 10:18:17 AM",dead crops:50.2%,50.2,off
"10/22/2025, 10:18:48 AM",dead crops:67.6%,67.6,off
"10/22/2025, 10:18:52 AM",dead crops:88.2%,88.2,off
"10/22/2025, 10:18:55 AM",dead crops:81.2%,81.2,off
"10/22/2025, 10:19:10 AM",stressed crops:69.0%,69,off
"10/22/2025, 10:19:12 AM",stressed crops:71.0%,71,off
"10/22/2025, 10:19:18 AM",stressed crops:57.4%,57.4,off
"10/22/2025, 10:19:22 AM",stressed crops:68.5%,68.5,off
"10/22/2025, 10:19:27 AM",healthy crops:50.0%,50,off
"10/22/2025, 10:19:35 AM",healthy crops:77.2%,77.2,off
"10/22/2025, 10:19:37 AM",healthy crops:80.1%,80.1,off
"10/22/2025, 10:19:40 AM",healthy crops:76.6%,76.6,off
"10/22/2025, 10:19:42 AM",healthy crops:80.0%,80,off
"10/22/2025, 10:19:45 AM",healthy crops:79.6%,79.6,off
"10/22/2025, 10:19:51 AM",healthy crops:83.0%,83,off
"10/22/2025, 10:19:53 AM",healthy crops:50.5%,50.5,off
"10/22/2025, 10:19:47 AM",healthy crops:65.5%,65.5,off
"10/22/2025, 10:19:55 AM",healthy crops:71.0%,71,off
"10/22/2025, 10:20:00 AM",healthy crops:78.8%,78.8,off
"10/22/2025, 10:20:03 AM",healthy crops:81.8%,81.8,off
"10/22/2025, 10:20:05 AM",healthy crops:73.6%,73.6,off
"10/22/2025, 10:20:07 AM",healthy crops:86.7%,86.7,off
"10/22/2025, 10:20:22 AM",dead crops:83.8%,83.8,off
"10/22/2025, 10:20:37 AM",dead crops:50.1%,50.1,off
"10/22/2025, 10:20:40 AM",healthy crops:64.3%,64.3,off
"10/22/2025, 10:20:45 AM",stressed crops:62.3%,62.3,off
"10/22/2025, 10:20:47 AM",dead crops:58.9%,58.9,off
"10/22/2025, 10:21:02 AM",dead crops:55.6%,55.6,off
"10/22/2025, 10:22:05 AM",healthy crops:57.7%,57.7,off
"10/22/2025, 10:22:07 AM",healthy crops:61.2%,61.2,off
"10/22/2025, 10:22:12 AM",dead crops:92.8%,92.8,off
"10/22/2025, 10:22:15 AM",dead crops:92.8%,92.8,off
"10/22/2025, 10:22:17 AM",dead crops:91.8%,91.8,off
"10/22/2025, 10:22:21 AM",dead crops:89.2%,89.2,off
"10/22/2025, 10:22:23 AM",dead crops:78.1%,78.1,off
"10/22/2025, 10:22:25 AM",dead crops:89.3%,89.3,off
"10/22/2025, 10:22:27 AM",dead crops:91.0%,91,off
"10/22/2025, 10:22:32 AM",healthy crops:61.7%,61.7,off
"10/22/2025, 10:22:35 AM",healthy crops:76.4%,76.4,off
"10/22/2025, 10:22:38 AM",healthy crops:75.0%,75,off
"10/22/2025, 10:22:42 AM",healthy crops:67.0%,67,off
"10/22/2025, 10:22:43 AM",healthy crops:66.8%,66.8,off
"10/22/2025, 10:22:45 AM",healthy crops:74.7%,74.7,off
"10/22/2025, 10:22:48 AM",healthy crops:70.0%,70,off
"10/22/2025, 10:22:52 AM",healthy crops:60.9%,60.9,off
"10/22/2025, 10:22:57 AM",healthy crops:65.0%,65,off
"10/22/2025, 10:23:00 AM",healthy crops:82.2%,82.2,off
"10/22/2025, 10:23:06 AM",healthy crops:81.8%,81.8,off
"10/22/2025, 10:23:08 AM",healthy crops:68.4%,68.4,off
"10/22/2025, 10:23:10 AM",healthy crops:79.2%,79.2,off
"10/22/2025, 10:23:12 AM",healthy crops:70.3%,70.3,off
"10/22/2025, 10:23:15 AM",healthy crops:78.6%,78.6,off
"10/22/2025, 10:23:17 AM",healthy crops:50.7%,50.7,off
"10/22/2025, 10:23:20 AM",healthy crops:76.6%,76.6,off
"10/22/2025, 10:23:23 AM",healthy crops:86.2%,86.2,off
"10/22/2025, 10:32:58 AM",dead crops:55.1%,55.1,off
"10/22/2025, 10:33:00 AM","dead crops:57.5%,healthy crops:50.5%",57.5,off
"10/22/2025, 10:33:12 AM",dead crops:87.2%,87.2,off
"10/22/2025, 10:33:15 AM",dead crops:85.7%,85.7,off
"10/22/2025, 10:33:17 AM",dead crops:86.8%,86.8,off
"10/22/2025, 10:33:20 AM",dead crops:93.3%,93.3,off
"10/22/2025, 10:33:27 AM",dead crops:90.6%,90.6,off
"10/22/2025, 10:33:30 AM",dead crops:80.7%,80.7,off
"10/22/2025, 10:33:33 AM",dead crops:86.7%,86.7,off
"10/22/2025, 10:33:36 AM","dead crops:61.3%,healthy crops:55.0%",61.3,off
"10/22/2025, 10:33:38 AM",dead crops:91.5%,91.5,off
"10/22/2025, 10:33:40 AM",dead crops:90.6%,90.6,off
"10/22/2025, 10:33:50 AM",dead crops:58.9%,58.9,off
"10/22/2025, 10:33:55 AM",dead crops:66.6%,66.6,off
"10/22/2025, 10:33:57 AM",dead crops:81.2%,81.2,off
"10/22/2025, 10:34:07 AM",dead crops:89.9%,89.9,off
"10/22/2025, 10:34:10 AM",dead crops:94.8%,94.8,off
"10/22/2025, 10:34:25 AM",healthy crops:86.7%,86.7,off
"10/22/2025, 10:34:30 AM",stressed crops:50.6%,50.6,off
"10/22/2025, 10:34:35 AM",healthy crops:91.9%,91.9,off
"10/22/2025, 10:34:37 AM",healthy crops:89.4%,89.4,off
"10/22/2025, 10:34:40 AM",healthy crops:82.6%,82.6,off
"10/22/2025, 10:34:42 AM",healthy crops:73.7%,73.7,off
"10/22/2025, 10:34:47 AM",dead crops:54.3%,54.3,off
"10/22/2025, 10:34:50 AM",dead crops:77.5%,77.5,off
"10/22/2025, 10:34:52 AM",dead crops:79.1%,79.1,off
"10/22/2025, 10:34:55 AM",dead crops:63.7%,63.7,off
"10/22/2025, 10:34:57 AM",dead crops:62.4%,62.4,off
"10/22/2025, 10:35:00 AM",healthy crops:60.4%,60.4,off
"10/22/2025, 10:35:03 AM",dead crops:62.7%,62.7,off
"10/22/2025, 10:35:05 AM",healthy crops:53.9%,53.9,off
"10/22/2025, 10:35:10 AM",healthy crops:65.6%,65.6,off
"10/22/2025, 10:35:12 AM",dead crops:54.8%,54.8,off
"10/22/2025, 10:35:17 AM",healthy crops:53.1%,53.1,off
"10/22/2025, 10:35:22 AM",dead crops:60.9%,60.9,off
"10/22/2025, 10:35:26 AM",healthy crops:50.2%,50.2,off
"10/22/2025, 10:35:30 AM",dead crops:75.6%,75.6,off
"10/22/2025, 10:35:32 AM",healthy crops:84.8%,84.8,off
"10/22/2025, 10:35:35 AM",healthy crops:80.0%,80,off
"10/22/2025, 10:35:40 AM",healthy crops:69.1%,69.1,off
"10/22/2025, 10:35:44 AM",dead crops:61.2%,61.2,off
"10/22/2025, 10:35:45 AM",healthy crops:61.5%,61.5,off
"10/22/2025, 10:35:48 AM",healthy crops:79.0%,79,off
"10/22/2025, 10:35:56 AM","snail-infested crops:70.9%,dead crops:63.8%",70.9,off
"10/22/2025, 10:36:00 AM","snail-infested crops:67.3%,dead crops:59.7%",67.3,off
"10/22/2025, 10:36:02 AM",snail-infested crops:62.9%,62.9,off
"10/22/2025, 10:36:12 AM",healthy crops:69.6%,69.6,off
"10/22/2025, 10:36:15 AM",healthy crops:66.0%,66,off
"10/22/2025, 10:36:17 AM","healthy crops:80.9%,healthy crops:58.5%",80.9,off
"10/22/2025, 10:36:20 AM",healthy crops:65.2%,65.2,off
"10/22/2025, 10:36:22 AM","healthy crops:80.5%,healthy crops:64.5%",80.5,off
"10/22/2025, 10:36:25 AM","healthy crops:66.3%,healthy crops:57.8%",66.3,off
"10/22/2025, 10:36:27 AM","healthy crops:75.8%,healthy crops:51.2%",75.8,off
"10/22/2025, 10:36:30 AM","healthy crops:72.9%,healthy crops:54.6%",72.9,off
"10/22/2025, 10:36:35 AM","healthy crops:78.5%,healthy crops:65.9%",78.5,off
"10/22/2025, 10:53:53 AM",stressed crops,55.9,off
"10/22/2025, 10:53:56 AM",stressed crops,74.7,off
"10/22/2025, 10:53:56 AM",healthy crops,68.7,off
"10/22/2025, 10:53:56 AM",stressed crops,66.4,off
"10/22/2025, 10:53:56 AM",stressed crops,58.5,off
"10/22/2025, 10:53:56 AM",stressed crops,58.4,off
"10/22/2025, 10:53:56 AM",stressed crops,52.3,off
"10/22/2025, 10:53:56 AM",healthy crops,51.2,off
"10/22/2025, 10:53:58 AM",stressed crops,80.5,off
"10/22/2025, 10:53:58 AM",healthy crops,74.2,off
"10/22/2025, 10:54:01 AM",healthy crops,79.5,off
"10/22/2025, 10:54:03 AM",stressed crops,76.9,off
"10/22/2025, 10:54:06 AM",healthy crops,56.3,off
"10/22/2025, 10:54:11 AM",stressed crops,74.4,off
"10/22/2025, 10:54:16 AM",stressed crops,85.1,off
"10/22/2025, 10:54:18 AM",healthy crops,65.3,off
"10/22/2025, 10:54:23 AM",healthy crops,85,off
"10/22/2025, 10:54:26 AM",healthy crops,81.5,off
"10/22/2025, 10:54:28 AM",healthy crops,84.2,off
"10/22/2025, 10:54:33 AM",stressed crops,68,off
"10/22/2025, 10:54:36 AM",stressed crops,54.5,off
"10/22/2025, 10:54:38 AM",healthy crops,81.1,off
"10/22/2025, 10:54:41 AM",healthy crops,78.9,off
"10/22/2025, 10:54:43 AM",healthy crops,72.2,off
"10/22/2025, 10:54:46 AM",healthy crops,77.3,off
"10/22/2025, 10:54:51 AM",healthy crops,75.1,off
"10/22/2025, 10:54:53 AM",healthy crops,79,off
"10/22/2025, 10:54:58 AM",healthy crops,64.5,off
"10/22/2025, 10:55:01 AM",healthy crops,76.1,off
"10/22/2025, 10:57:32 AM",stressed crops,81.2,off
"10/22/2025, 10:57:32 AM",stressed crops,71.9,off
"10/22/2025, 10:57:35 AM",stressed crops,74.8,off
"10/22/2025, 10:57:35 AM",stressed crops,66.6,off
"10/22/2025, 10:57:36 AM",stressed crops,77.9,off
"10/22/2025, 10:57:39 AM",stressed crops,76.4,off
"10/22/2025, 10:57:39 AM",stressed crops,76,off
"10/22/2025, 10:57:41 AM",stressed crops,79.7,off
"10/22/2025, 10:57:41 AM",stressed crops,57.6,off
"10/22/2025, 10:57:46 AM",stressed crops,78.5,off
"10/22/2025, 11:08:40 AM",stressed crops,75.6,off
"10/22/2025, 11:08:45 AM",stressed crops,62.4,off
"10/22/2025, 11:08:45 AM",healthy crops,59.6,off
"10/22/2025, 11:08:47 AM",stressed crops,71.9,off
"10/22/2025, 11:09:07 AM",healthy crops,55.6,off
"10/22/2025, 11:09:11 AM",stressed crops,63.3,off
"10/22/2025, 11:09:32 AM",stressed crops,60.4,off
"10/22/2025, 11:09:48 AM",healthy crops,67.6,off
"10/22/2025, 11:09:54 AM",healthy crops,73.1,off
"10/22/2025, 11:09:58 AM",healthy crops,86.7,off
"10/22/2025, 11:09:54 AM",healthy crops,73.1,off
"10/22/2025, 11:23:12 AM","stressed crops:77.9%,stressed crops:58.4%,dead crops:54.5%",77.9,off
"10/22/2025, 11:23:14 AM","stressed crops:85.7%,stressed crops:84.0%",85.7,off
"10/22/2025, 11:23:18 AM","stressed crops:88.5%,stressed crops:86.9%",88.5,off
"10/22/2025, 11:23:20 AM",stressed crops:85.1%,85.1,off
"10/22/2025, 11:23:22 AM","stressed crops:87.0%,stressed crops:75.9%",87,off
"10/22/2025, 11:23:25 AM","stressed crops:86.4%,stressed crops:68.8%",86.4,off
"10/22/2025, 11:23:27 AM",stressed crops:81.2%,81.2,off
"10/22/2025, 11:23:30 AM","stressed crops:82.1%,stressed crops:68.8%",82.1,off
"10/22/2025, 11:23:32 AM","stressed crops:81.6%,stressed crops:80.8%",81.6,off
"10/22/2025, 11:23:35 AM",stressed crops:77.1%,77.1,off
"10/22/2025, 11:23:37 AM","stressed crops:82.3%,stressed crops:65.7%",82.3,off
"10/22/2025, 11:23:40 AM","stressed crops:80.2%,stressed crops:52.5%",80.2,off
"10/22/2025, 11:23:43 AM","stressed crops:73.7%,stressed crops:65.4%,stressed crops:59.1%",73.7,off
"10/22/2025, 11:23:45 AM","stressed crops:72.5%,stressed crops:54.1%",72.5,off
"10/22/2025, 11:23:47 AM","stressed crops:65.2%,stressed crops:54.2%",65.2,off
"10/22/2025, 11:23:49 AM","stressed crops:73.1%,stressed crops:71.2%,stressed crops:59.9%",73.1,off
"10/22/2025, 11:23:53 AM","stressed crops:79.4%,stressed crops:67.8%,stressed crops:56.6%",79.4,off
"10/22/2025, 11:23:55 AM","stressed crops:78.5%,stressed crops:77.7%,stressed crops:77.5%",78.5,off
"10/22/2025, 11:24:45 AM",stressed crops:56.0%,56,off
"10/22/2025, 11:24:47 AM",stressed crops:65.7%,65.7,off
"10/22/2025, 11:24:50 AM",stressed crops:63.8%,63.8,off
"10/22/2025, 11:24:52 AM",stressed crops:64.0%,64,off
"10/22/2025, 11:24:54 AM",stressed crops:66.5%,66.5,off
"10/22/2025, 11:26:16 AM",stressed crops:57.5%,57.5,off
"10/22/2025, 11:26:29 AM",healthy crops:74.4%,74.4,off
"10/22/2025, 11:32:52 AM",healthy crops:60.1%,60.1,off
"10/22/2025, 11:33:04 AM",stressed crops:52.5%,52.5,off
"10/22/2025, 11:33:09 AM",stressed crops:54.3%,54.3,off
"10/22/2025, 11:33:12 AM",stressed crops:63.4%,63.4,off
"10/22/2025, 11:33:14 AM",stressed crops:55.8%,55.8,off
"10/22/2025, 11:33:24 AM",stressed crops:57.8%,57.8,off
"10/22/2025, 11:33:27 AM",stressed crops:77.5%,77.5,off
"10/22/2025, 11:33:33 AM",stressed crops:71.2%,71.2,off
"10/22/2025, 11:44:41 AM",healthy crops,64.3,off
"10/22/2025, 11:44:41 AM",healthy crops,61.3,off
"10/22/2025, 11:44:43 AM",healthy crops,52,off
"10/22/2025, 11:44:48 AM",healthy crops,72.3,off
"10/22/2025, 11:44:59 AM",healthy crops,59.2,off
"10/22/2025, 11:45:48 AM",healthy crops,50.8,off
"10/22/2025, 11:45:53 AM",stressed crops,58.5,off
"10/22/2025, 11:45:56 AM",stressed crops,61,off
"10/22/2025, 11:45:58 AM",stressed crops,52.9,off
"10/22/2025, 11:45:58 AM",stressed crops,52.6,off
"10/22/2025, 11:46:02 AM",stressed crops,58,off
"10/22/2025, 11:46:03 AM",stressed crops,56.9,off
"10/22/2025, 11:52:26 AM",healthy crops,53.5,off
"10/22/2025, 11:52:26 AM",healthy crops,50.6,off
"10/22/2025, 11:52:28 AM",stressed crops,50.2,off
"10/22/2025, 11:52:30 AM",healthy crops,54.8,off
"10/22/2025, 11:52:36 AM",stressed crops,70.5,off
"10/22/2025, 11:52:36 AM",healthy crops,52.7,off
"10/22/2025, 11:52:43 AM",stressed crops,66.4,off
"10/22/2025, 11:52:43 AM",stressed crops,52.6,off
"10/22/2025, 11:52:45 AM",stressed crops,55,off
"10/22/2025, 11:52:48 AM",stressed crops,63.9,off
"10/22/2025, 11:52:48 AM",stressed crops,63.2,off
"10/22/2025, 11:52:48 AM",stressed crops,62,off
"10/22/2025, 11:52:48 AM",stressed crops,56.1,off
"10/22/2025, 11:52:48 AM",stressed crops,53.7,off
"10/22/2025, 11:52:50 AM",stressed crops,75.6,off
"10/22/2025, 11:52:50 AM",stressed crops,62,off
"10/22/2025, 11:52:50 AM",stressed crops,53.8,off
"10/22/2025, 11:52:50 AM",stressed crops,50.5,off
"10/22/2025, 11:52:54 AM",stressed crops,68,off
"10/22/2025, 11:52:54 AM",stressed crops,63.6,off
"10/22/2025, 11:52:54 AM",stressed crops,55.7,off
"10/22/2025, 11:52:54 AM",stressed crops,53.8,off
"10/22/2025, 11:52:54 AM",stressed crops,53.1,off
"10/22/2025, 11:52:56 AM",stressed crops,71,off
"10/22/2025, 11:52:56 AM",stressed crops,62.6,off
"10/22/2025, 11:52:56 AM",stressed crops,54.5,off
"10/22/2025, 11:52:59 AM",stressed crops,58.8,off
"10/22/2025, 11:52:59 AM",stressed crops,56.4,off
"10/22/2025, 11:52:59 AM",stressed crops,54.3,off
"10/22/2025, 11:52:59 AM",stressed crops,53.8,off
"10/22/2025, 11:52:59 AM",healthy crops,53.7,off
"10/22/2025, 11:53:01 AM",stressed crops,75.1,off
"10/22/2025, 11:53:01 AM",stressed crops,72.7,off
"10/22/2025, 11:53:01 AM",stressed crops,63.9,off
"10/22/2025, 11:53:01 AM",stressed crops,54.5,off
"10/22/2025, 11:53:01 AM",stressed crops,51.8,off
"10/22/2025, 11:53:04 AM",stressed crops,67.3,off
"10/22/2025, 11:53:04 AM",stressed crops,61.7,off
"10/22/2025, 11:53:04 AM",stressed crops,59.9,off
"10/22/2025, 11:53:04 AM",stressed crops,59.5,off
"10/22/2025, 11:53:06 AM",stressed crops,50.6,off
"10/22/2025, 11:53:10 AM",stressed crops,58.6,off
"10/22/2025, 11:53:13 AM",healthy crops,68.8,off
"10/22/2025, 11:53:17 AM",stressed crops,80.1,off
"10/22/2025, 11:53:18 AM",stressed crops,53,off
"10/22/2025, 11:53:24 AM",stressed crops,74,off
"10/22/2025, 11:53:28 AM",stressed crops,78.2,off
"10/22/2025, 11:53:31 AM",stressed crops,75.7,off
"10/22/2025, 11:53:33 AM",stressed crops,71.3,off
"10/22/2025, 11:53:38 AM",stressed crops,70.4,off
"10/22/2025, 11:53:42 AM",stressed crops,70.9,off
"10/22/2025, 11:53:46 AM",stressed crops,62.2,off
"10/22/2025, 11:53:48 AM",healthy crops,52.2,off
"10/22/2025, 11:53:53 AM",stressed crops,65.3,off
"10/22/2025, 11:54:00 AM",stressed crops,71.6,off
"10/22/2025, 11:54:00 AM",stressed crops,58.2,off
"10/22/2025, 11:54:08 AM",stressed crops,76.6,off
"10/22/2025, 11:54:13 AM",stressed crops,79.2,off
"10/22/2025, 11:54:16 AM",stressed crops,72.7,off
"10/22/2025, 11:54:26 AM",stressed crops,75.2,off
"10/22/2025, 11:54:34 AM",stressed crops,76.1,off
"10/22/2025, 11:54:36 AM",stressed crops,80.7,off
"10/22/2025, 11:54:42 AM",stressed crops,83.2,off
"10/22/2025, 11:54:42 AM",stressed crops,50.6,off
"10/22/2025, 11:54:46 AM",stressed crops,82.2,off
"10/22/2025, 12:24:19 PM",snail-infested crops,52.8,off
"10/22/2025, 12:27:33 PM",healthy crops,69.2,off
"10/22/2025, 12:27:33 PM",stressed crops,57.7,off
"10/22/2025, 12:27:39 PM",stressed crops,85.5,off
"10/22/2025, 12:27:41 PM",stressed crops,89.5,off
"10/22/2025, 12:27:44 PM",stressed crops,94.1,off
"10/22/2025, 12:27:47 PM",stressed crops,78.2,off
"10/22/2025, 12:27:48 PM",stressed crops,77,off
"10/22/2025, 12:27:51 PM",stressed crops,79.8,off
"10/22/2025, 12:27:56 PM",stressed crops,66.1,off
"10/22/2025, 12:27:56 PM",stressed crops,58.6,off
"10/22/2025, 12:28:00 PM",stressed crops,52,off
"10/22/2025, 12:28:06 PM",healthy crops,61.6,off
"10/22/2025, 12:28:08 PM",stressed crops,58.3,off
"10/22/2025, 12:28:08 PM",healthy crops,53.7,off
"10/22/2025, 12:28:18 PM",stressed crops,63.9,off
"10/22/2025, 12:28:23 PM",stressed crops,67,off
"10/22/2025, 12:28:28 PM",healthy crops,65.2,off
"10/22/2025, 12:28:33 PM",healthy crops,50.6,off
"10/22/2025, 12:28:37 PM",healthy crops,67.4,off
"10/22/2025, 12:28:56 PM",stressed crops,54.5,off
"10/22/2025, 12:29:00 PM",healthy crops,57.7,off
"10/22/2025, 12:29:03 PM",stressed crops,61.4,off
"10/22/2025, 12:29:24 PM",stressed crops,75.7,off
"10/22/2025, 12:29:24 PM",healthy crops,63.4,off
"10/22/2025, 12:29:26 PM",healthy crops,78.8,off
"10/22/2025, 12:29:30 PM",stressed crops,77.9,off
"10/22/2025, 12:29:31 PM",stressed crops,78.9,off
"10/22/2025, 12:29:35 PM",stressed crops,76.3,off
"10/22/2025, 12:29:41 PM",stressed crops,77.8,off
"10/22/2025, 12:29:41 PM",healthy crops,59.5,off
"10/22/2025, 12:29:48 PM",stressed crops,64.5,off
"10/22/2025, 12:29:50 PM",stressed crops,88.1,off
"10/22/2025, 12:29:53 PM",stressed crops,81.1,off
"10/22/2025, 12:29:57 PM",stressed crops,60.3,off
"10/22/2025, 12:30:01 PM",stressed crops,70.8,off
"10/22/2025, 12:30:03 PM",stressed crops,75,off
"10/22/2025, 12:30:08 PM",stressed crops,71.7,off
"10/22/2025, 12:30:12 PM",stressed crops,67.4,off
"10/22/2025, 12:30:12 PM",stressed crops,66,off
"10/22/2025, 12:30:13 PM",stressed crops,79.7,off
"10/22/2025, 12:30:16 PM",stressed crops,85.8,off
"10/22/2025, 12:30:18 PM",stressed crops,73.4,off
"10/22/2025, 12:30:20 PM",stressed crops,78.2,off
"10/22/2025, 12:30:28 PM",stressed crops,70.5,off
"10/22/2025, 12:30:30 PM",stressed crops,64.4,off
"10/22/2025, 12:30:33 PM",stressed crops,76.5,off
"10/22/2025, 12:30:40 PM",stressed crops,78.9,off
"10/22/2025, 12:30:41 PM",stressed crops,83.4,off
"10/22/2025, 12:30:48 PM",stressed crops,66.2,off
"10/22/2025, 12:30:51 PM",stressed crops,53.5,off
"10/22/2025, 12:30:53 PM",stressed crops,75.8,off
"10/22/2025, 12:30:58 PM",stressed crops,59.1,off
"10/22/2025, 12:31:06 PM",stressed crops,61.1,off
"10/22/2025, 12:31:11 PM",healthy crops,50.5,off
"10/22/2025, 12:31:24 PM",healthy crops,87.6,off
"10/22/2025, 12:31:25 PM",healthy crops,81,off
"10/22/2025, 12:31:34 PM",healthy crops,57.6,off
"10/22/2025, 12:31:36 PM",healthy crops,59.7,off
"10/22/2025, 12:31:38 PM",healthy crops,79.9,off
"10/22/2025, 12:31:38 PM",healthy crops,59.5,off
"10/22/2025, 12:31:41 PM",healthy crops,64.9,off
"10/22/2025, 12:31:43 PM",healthy crops,67.7,off
"10/22/2025, 12:31:46 PM",healthy crops,54.5,off
"10/22/2025, 12:31:48 PM",healthy crops,57.8,off
"10/22/2025, 4:00:01 PM",dead crops,56.3,off
"10/22/2025, 4:00:32 PM",stressed crops,79,off
"10/22/2025, 4:00:34 PM",stressed crops,84.4,off
"10/22/2025, 4:00:57 PM",snail-infested crops,85.1,off
"10/22/2025, 4:01:04 PM",snail-infested crops,68.1,off
"10/24/2025, 9:01:41 AM",stressed crops,88.4,off
"10/24/2025, 9:01:42 AM",stressed crops,89.5,off
"10/24/2025, 9:01:47 AM",stressed crops,91.2,off
"10/24/2025, 9:01:50 AM",stressed crops,84.8,off
"10/24/2025, 9:01:52 AM",stressed crops,88.2,off
"10/24/2025, 9:01:54 AM",stressed crops,89.3,off
"10/24/2025, 9:01:57 AM",stressed crops,89.2,off
"10/24/2025, 9:01:59 AM",stressed crops,76.6,off
"10/24/2025, 9:02:02 AM",stressed crops,77.8,off
"10/24/2025, 9:02:08 AM",snail-infested crops,65.6,off
"10/24/2025, 9:02:10 AM",dead crops,80.9,off
"10/24/2025, 9:02:15 AM",stressed crops,56.4,off
"10/24/2025, 9:02:17 AM",stressed crops,81.5,off
"10/24/2025, 9:02:19 AM",stressed crops,79.6,off
"10/24/2025, 9:02:22 AM",stressed crops,88.6,off
"10/24/2025, 9:02:24 AM",stressed crops,87,off
"10/24/2025, 9:02:27 AM",stressed crops,88.5,off
"10/24/2025, 9:02:30 AM",stressed crops,85.3,off
"10/24/2025, 9:02:33 AM",stressed crops,93.3,off
"10/24/2025, 9:02:34 AM",stressed crops,83.2,off
"10/24/2025, 9:02:38 AM",stressed crops,89.5,off
"10/24/2025, 9:02:40 AM",stressed crops,72.4,off
"10/24/2025, 9:02:42 AM",stressed crops,69.6,off
"10/24/2025, 9:02:44 AM",stressed crops,60.7,off
"10/24/2025, 9:02:49 AM",stressed crops,60.9,off
"10/24/2025, 9:02:52 AM",stressed crops,93.2,off
"10/24/2025, 9:02:57 AM",stressed crops,59.4,off
"10/24/2025, 9:02:59 AM",stressed crops,92,off
"10/24/2025, 9:03:02 AM",stressed crops,93.5,off
"10/24/2025, 9:03:04 AM",stressed crops,89.3,off
"10/24/2025, 9:03:07 AM",stressed crops,91.5,off
"10/24/2025, 9:03:09 AM",stressed crops,86,off
"10/24/2025, 9:03:12 AM",stressed crops,87.9,off
"10/24/2025, 9:03:14 AM",stressed crops,51,off
"10/24/2025, 9:03:32 AM",stressed crops,91.1,off
"10/24/2025, 9:03:35 AM",stressed crops,88.8,off
"10/24/2025, 9:03:38 AM",stressed crops,50.4,off
"10/24/2025, 9:03:40 AM",stressed crops,77.3,off
"10/24/2025, 9:03:42 AM",stressed crops,69.4,off
"10/24/2025, 9:03:44 AM",stressed crops,57.2,off
"10/24/2025, 9:03:48 AM",stressed crops,73.4,off
"10/24/2025, 9:03:50 AM",stressed crops,72.3,off
"10/24/2025, 9:03:53 AM",stressed crops,71.4,off
"10/24/2025, 9:04:00 AM",stressed crops,92,off
"10/24/2025, 9:04:05 AM",stressed crops,91.8,off
"10/24/2025, 9:04:08 AM",stressed crops,89.7,off
"10/24/2025, 9:04:11 AM",stressed crops,84.2,off
"10/24/2025, 9:04:16 AM",stressed crops,89.2,off
"10/24/2025, 9:04:19 AM",stressed crops,88.8,off
"10/24/2025, 9:04:24 AM",stressed crops,88.9,off
"10/24/2025, 9:04:30 AM",stressed crops,75.8,off
"10/24/2025, 9:06:40 AM",stressed crops,91.8,off
"10/24/2025, 9:06:43 AM",stressed crops,93.1,off
"10/24/2025, 9:06:45 AM",stressed crops,86.2,off
"10/24/2025, 9:06:51 AM",stressed crops,89,off
"10/24/2025, 9:06:52 AM",stressed crops,90.3,off
"10/24/2025, 9:06:58 AM",stressed crops,92.1,off
"10/24/2025, 9:07:01 AM",stressed crops,82.7,off
"10/24/2025, 9:07:03 AM",stressed crops,84.4,off
"10/24/2025, 9:07:05 AM",stressed crops,87.1,off
"10/24/2025, 9:07:10 AM",stressed crops,67.5,off
"10/24/2025, 9:07:15 AM",stressed crops,54.3,off
"10/27/2025, 12:08:09 PM",snail-infested crops,52.6,off
"10/27/2025, 12:08:12 PM",snail-infested crops,57.4,off
"10/27/2025, 12:08:24 PM",snail-infested crops,50.9,off
"10/27/2025, 12:08:27 PM",snail-infested crops,52.7,off
"10/27/2025, 12:08:31 PM",snail-infested crops,50.2,off
"10/27/2025, 12:08:42 PM",snail-infested crops,70.6,off
"10/27/2025, 12:08:45 PM",snail-infested crops,55.2,off
"10/27/2025, 12:08:50 PM",stressed crops,86.6,off
"10/27/2025, 12:08:52 PM",stressed crops,72.9,off
"10/27/2025, 12:08:55 PM",stressed crops,83.5,off
"10/27/2025, 12:08:57 PM",stressed crops,88.6,off
"10/27/2025, 12:09:00 PM",stressed crops,85.3,off
"10/27/2025, 12:09:02 PM",stressed crops,89.7,off
"10/27/2025, 12:09:05 PM",stressed crops,89,off
"10/27/2025, 12:09:07 PM",stressed crops,89,off
"10/27/2025, 12:09:10 PM",stressed crops,86.6,off
"10/27/2025, 12:09:12 PM",stressed crops,86.6,off
"10/27/2025, 12:09:15 PM",stressed crops,81.4,off
"10/27/2025, 12:09:17 PM",stressed crops,83.9,off
"10/27/2025, 12:09:20 PM",stressed crops,83.9,off
"10/27/2025, 12:09:22 PM",stressed crops,83.9,off
"10/27/2025, 12:09:25 PM",stressed crops,86.6,off
"10/27/2025, 12:09:27 PM",stressed crops,86.6,off
"10/27/2025, 12:09:30 PM",stressed crops,86.6,off
"10/27/2025, 12:09:32 PM",stressed crops,86.6,off
"10/27/2025, 12:09:35 PM",stressed crops,86.6,off
"10/27/2025, 12:09:47 PM",snail-infested crops,50.8,off
"10/27/2025, 12:09:50 PM",snail-infested crops,50.8,off
"10/27/2025, 12:09:52 PM",snail-infested crops,50.8,off
"10/27/2025, 12:09:55 PM",snail-infested crops,50.8,off
"10/27/2025, 12:10:43 PM",snail-infested crops,58.1,off
"10/27/2025, 12:15:00 PM",snail-infested crops,86.8,off
"10/27/2025, 12:15:02 PM",snail-infested crops,84.2,off
"10/27/2025, 12:15:05 PM",snail-infested crops,84.2,off
"10/27/2025, 12:15:07 PM",snail-infested crops,84.2,off
"10/27/2025, 12:15:11 PM",snail-infested crops,84.2,off
"10/27/2025, 12:15:13 PM",snail-infested crops,84.2,off
"10/27/2025, 12:15:14 PM",snail-infested crops,84.2,off
"10/27/2025, 12:15:17 PM",snail-infested crops,84.2,off
"10/27/2025, 12:15:19 PM",snail-infested crops,84.2,off
"10/27/2025, 12:15:22 PM",snail-infested crops,84.2,off
"10/27/2025, 12:15:25 PM",snail-infested crops,84.2,off
"10/27/2025, 12:15:34 PM",snail-infested crops,87.4,off
"10/27/2025, 12:15:36 PM",snail-infested crops,87.9,off
"10/27/2025, 12:15:39 PM",snail-infested crops,89.2,off
"10/27/2025, 12:15:41 PM",snail-infested crops,89.2,off
"10/27/2025, 12:15:44 PM",snail-infested crops,89.2,off
"10/27/2025, 12:15:46 PM",snail-infested crops,89.2,off
"10/27/2025, 12:15:49 PM",snail-infested crops,89.2,off
"10/27/2025, 12:15:51 PM",snail-infested crops,89.2,off
"10/27/2025, 12:15:54 PM",snail-infested crops,89.2,off
"10/27/2025, 12:15:57 PM",snail-infested crops,89.2,off
"10/27/2025, 12:15:59 PM",snail-infested crops,89.2,off
"10/27/2025, 12:16:03 PM",snail-infested crops,89.2,off
"10/27/2025, 12:16:05 PM",snail-infested crops,89.2,off
"10/27/2025, 12:16:08 PM",snail-infested crops,89.2,off
"10/27/2025, 12:16:10 PM",snail-infested crops,89.2,off
"10/27/2025, 12:18:57 PM",snail-infested crops,91.3,off
"10/27/2025, 12:19:00 PM",snail-infested crops,91.8,off
"10/27/2025, 12:19:02 PM",snail-infested crops,88,off
"10/27/2025, 12:19:05 PM",snail-infested crops,90,off
"10/27/2025, 12:19:08 PM",snail-infested crops,90,off
"10/27/2025, 12:19:10 PM",snail-infested crops,90,off
"10/27/2025, 12:19:12 PM",snail-infested crops,75,off
"10/27/2025, 12:19:15 PM",snail-infested crops,75,off
"10/27/2025, 12:19:25 PM",snail-infested crops,87.1,off
"10/27/2025, 12:19:25 PM",snail-infested crops,60.2,off
"10/27/2025, 12:19:27 PM",snail-infested crops,84.5,off
"10/27/2025, 12:19:30 PM",snail-infested crops,84.5,off
"10/27/2025, 12:19:32 PM",snail-infested crops,84.5,off
"10/27/2025, 12:19:35 PM",snail-infested crops,84.5,off
"10/27/2025, 12:19:37 PM",snail-infested crops,84.5,off
"10/27/2025, 12:19:40 PM",snail-infested crops,86.7,off
"10/27/2025, 12:19:40 PM",snail-infested crops,67.6,off
"10/27/2025, 12:19:43 PM",snail-infested crops,89.5,off
"10/27/2025, 12:19:43 PM",snail-infested crops,67.6,off
"10/27/2025, 12:19:45 PM",snail-infested crops,89.5,off
"10/27/2025, 12:19:45 PM",snail-infested crops,67.6,off
"10/27/2025, 12:19:48 PM",snail-infested crops,77.5,off
"10/27/2025, 12:19:53 PM",snail-infested crops,80.4,off
"10/27/2025, 12:19:55 PM",snail-infested crops,80.4,off
"10/27/2025, 12:19:50 PM",snail-infested crops,77.6,off
"10/27/2025, 12:19:59 PM",snail-infested crops,80.4,off
"10/27/2025, 12:20:01 PM",snail-infested crops,80.4,off
"10/27/2025, 12:20:04 PM",snail-infested crops,80.4,off
"10/27/2025, 12:20:06 PM",snail-infested crops,82.3,off
"10/27/2025, 12:20:09 PM",snail-infested crops,82.3,off
"10/27/2025, 12:20:11 PM",snail-infested crops,82.3,off
"10/27/2025, 12:20:14 PM",snail-infested crops,79.8,off
"11/10/2025, 19:09:59",snail-infested crops,61,off
"11/10/2025, 19:10:13",snail-infested crops,66.4,off
"11/10/2025, 19:10:50",snail-infested crops,68.9,off
"11/10/2025, 19:10:50",snail-infested crops,60.2,off
"11/10/2025, 19:10:53",snail-infested crops,66.1,off
"11/10/2025, 19:10:55",snail-infested crops,59.7,off
"11/10/2025, 19:10:58",snail-infested crops,81.4,off
"11/10/2025, 19:10:58",snail-infested crops,53.1,off
"11/10/2025, 19:11:05",snail-infested crops,65.6,off
"11/10/2025, 19:11:08",snail-infested crops,51.2,off
"11/10/2025, 19:11:15",snail-infested crops,69.2,off
"11/10/2025, 19:11:18",snail-infested crops,55.8,off
"11/10/2025, 19:11:28",snail-infested crops,63.9,off
"11/10/2025, 19:11:30",snail-infested crops,85,off
"11/10/2025, 19:11:33",snail-infested crops,87.1,off
"11/10/2025, 19:12:40",snail-infested crops,89.3,off
"11/10/2025, 19:13:30",snail-infested crops,58.7,off
"11/10/2025, 19:13:50",snail-infested crops,73.9,off
"11/10/2025, 19:14:13",dead crops,52.9,off
"11/10/2025, 19:17:18",snail-infested crops,89.8,off
"11/10/2025, 19:17:21",snail-infested crops,71.2,off
"11/10/2025, 19:17:23",snail-infested crops,78.3,off
"11/10/2025, 19:17:28",snail-infested crops,87.4,off
"11/10/2025, 19:18:25",snail-infested crops,83.9,off
"11/13/2025, 6:18:36 PM",dead crops,55.9,off
"11/13/2025, 6:18:43 PM",snail-infested crops,88,off
"11/13/2025, 6:18:46 PM",snail-infested crops,88,off
"11/13/2025, 6:18:48 PM",snail-infested crops,77,off
"11/13/2025, 6:18:51 PM",snail-infested crops,76.9,off
"11/13/2025, 6:18:53 PM",snail-infested crops,84.4,off
"11/13/2025, 6:18:56 PM",snail-infested crops,63.3,off
"11/13/2025, 6:18:58 PM",snail-infested crops,62.5,off
"11/13/2025, 6:19:01 PM",snail-infested crops,86.9,off
"11/13/2025, 6:19:13 PM",snail-infested crops,59.3,off
"11/13/2025, 6:19:16 PM",snail-infested crops,53,off
"11/13/2025, 6:19:18 PM",snail-infested crops,57.2,off
"11/13/2025, 6:19:21 PM",snail-infested crops,60.1,off
"11/13/2025, 6:19:23 PM",snail-infested crops,74.1,off
"11/13/2025, 6:19:26 PM",snail-infested crops,74.1,off
"11/13/2025, 6:19:28 PM",snail-infested crops,74.6,off
"11/13/2025, 6:19:31 PM",snail-infested crops,81.4,off
"11/13/2025, 6:19:33 PM",snail-infested crops,66.3,off
"11/13/2025, 6:19:36 PM",snail-infested crops,84,off
"11/13/2025, 6:19:39 PM",snail-infested crops,83.2,off
"11/13/2025, 6:19:42 PM",snail-infested crops,74.3,off
"11/13/2025, 6:19:44 PM",snail-infested crops,78.4,off
"11/13/2025, 6:19:48 PM",snail-infested crops,81.5,off
"11/13/2025, 6:19:50 PM",snail-infested crops,83.5,off
"11/13/2025, 6:19:52 PM",snail-infested crops,83.5,off
"11/13/2025, 6:19:54 PM",snail-infested crops,86,off
"11/13/2025, 6:19:57 PM",snail-infested crops,80.4,off
"11/13/2025, 6:19:59 PM",snail-infested crops,67.9,off
"11/13/2025, 6:20:04 PM",snail-infested crops,50.6,off
"11/13/2025, 6:20:07 PM",snail-infested crops,86.5,off
"11/13/2025, 6:20:09 PM",snail-infested crops,52.1,off
"11/13/2025, 6:20:12 PM",snail-infested crops,52.4,off
"11/13/2025, 6:20:14 PM",snail-infested crops,59.8,off
"11/13/2025, 6:20:17 PM",snail-infested crops,73.5,off
"11/13/2025, 6:20:19 PM",snail-infested crops,64.9,off
"11/13/2025, 6:20:22 PM",snail-infested crops,69.6,off
"11/13/2025, 6:20:24 PM",snail-infested crops,72.2,off
"11/13/2025, 6:20:27 PM",snail-infested crops,79.7,off
"11/13/2025, 6:21:14 PM",snail-infested crops,64.4,off
"11/13/2025, 6:22:14 PM",snail-infested crops,62.7,off
"11/13/2025, 6:22:58 PM",snail-infested crops,70.2,off
"11/13/2025, 6:23:01 PM",snail-infested crops,84.1,off
"11/13/2025, 6:23:03 PM",snail-infested crops,71.2,off
"11/13/2025, 6:23:06 PM",snail-infested crops,87.3,off
"11/13/2025, 6:23:08 PM",snail-infested crops,79,off
"11/13/2025, 6:23:11 PM",snail-infested crops,66.9,off
"11/13/2025, 6:23:13 PM",snail-infested crops,68.8,off
"11/13/2025, 6:23:16 PM",snail-infested crops,76.9,off
"11/13/2025, 6:23:19 PM",snail-infested crops,73.4,off
"11/13/2025, 6:23:22 PM",snail-infested crops,81.5,off
"11/13/2025, 6:23:24 PM",snail-infested crops,87.1,off
"11/13/2025, 6:23:28 PM",snail-infested crops,58.7,off
"11/13/2025, 6:23:29 PM",snail-infested crops,67.7,off
"11/13/2025, 6:23:32 PM",snail-infested crops,69.9,off
"11/13/2025, 6:23:34 PM",snail-infested crops,84,off
"11/13/2025, 6:23:37 PM",snail-infested crops,75.4,off
"11/13/2025, 6:23:39 PM",snail-infested crops,83.9,off
"11/13/2025, 6:23:42 PM",snail-infested crops,76.2,off
"11/13/2025, 6:23:44 PM",snail-infested crops,69.3,off
"11/13/2025, 6:23:47 PM",snail-infested crops,66.7,off
"11/13/2025, 6:23:49 PM",snail-infested crops,68.3,off
"11/13/2025, 6:23:54 PM",snail-infested crops,58.1,off
"11/13/2025, 6:23:57 PM",snail-infested crops,81,off
"11/13/2025, 6:23:59 PM",snail-infested crops,71.2,off
"11/13/2025, 6:24:02 PM",snail-infested crops,88,off
"11/13/2025, 6:24:04 PM",snail-infested crops,74.1,off
"11/13/2025, 6:24:07 PM",snail-infested crops,53.6,off
"11/13/2025, 6:24:14 PM",snail-infested crops,69.5,off
"11/13/2025, 6:25:14 PM",snail-infested crops,79.8,off
"11/13/2025, 6:26:14 PM",snail-infested crops,80.3,off
"11/13/2025, 6:27:15 PM",snail-infested crops,74.1,off
"11/13/2025, 6:28:16 PM",snail-infested crops,60.7,off
"11/13/2025, 6:29:17 PM",snail-infested crops,67.5,off
"11/13/2025, 6:29:50 PM",snail-infested crops,70,off
"11/13/2025, 6:29:52 PM",snail-infested crops,53,off
"11/13/2025, 6:30:06 PM",snail-infested crops,68.3,off
"11/13/2025, 6:30:16 PM",dead crops,64,off
"11/13/2025, 6:30:58 PM",snail-infested crops,71.2,off
"11/13/2025, 6:31:01 PM",snail-infested crops,71.5,off
"11/13/2025, 6:31:03 PM",snail-infested crops,80.4,off
"11/13/2025, 6:31:06 PM",snail-infested crops,74,off
"11/13/2025, 6:31:08 PM",snail-infested crops,68.2,off
"11/13/2025, 6:31:11 PM",snail-infested crops,51.1,off
"11/13/2025, 6:31:16 PM",snail-infested crops,67.4,off
"11/13/2025, 6:31:18 PM",snail-infested crops,64.7,off
"11/13/2025, 6:31:18 PM",dead crops,62.2,off
"11/13/2025, 6:31:18 PM",dead crops,52.9,off
"11/13/2025, 6:31:26 PM",snail-infested crops,95.8,off
"11/13/2025, 6:31:28 PM",snail-infested crops,96.1,off
"11/13/2025, 6:31:31 PM",snail-infested crops,96.6,off
"11/13/2025, 6:31:33 PM",snail-infested crops,96.5,off
"11/13/2025, 6:31:36 PM",snail-infested crops,94.7,off
"11/13/2025, 6:31:38 PM",snail-infested crops,93.4,off
"11/13/2025, 6:31:41 PM",snail-infested crops,94.1,off
"11/13/2025, 6:31:43 PM",snail-infested crops,92.8,off
"11/13/2025, 6:31:46 PM",snail-infested crops,71,off
"11/13/2025, 6:31:48 PM",snail-infested crops,88.4,off
"11/13/2025, 6:31:51 PM",snail-infested crops,92.6,off
"11/13/2025, 6:31:53 PM",snail-infested crops,84.2,off
"11/13/2025, 6:31:56 PM",snail-infested crops,90.4,off
"11/13/2025, 6:31:58 PM",snail-infested crops,89.7,off
"11/13/2025, 6:32:01 PM",healthy crops,55.5,off
"11/13/2025, 6:32:03 PM",snail-infested crops,59.3,off
"11/13/2025, 6:32:03 PM",healthy crops,53.7,off
"11/13/2025, 6:32:06 PM",healthy crops,63.9,off
"11/13/2025, 6:32:08 PM",healthy crops,65.7,off
"11/13/2025, 6:32:11 PM",healthy crops,61.3,off
"11/13/2025, 6:32:13 PM",healthy crops,53.1,off
"11/13/2025, 6:32:18 PM",healthy crops,68.7,off
"11/13/2025, 6:32:21 PM",healthy crops,59,off
"11/13/2025, 6:32:28 PM",snail-infested crops,56.5,off
"11/13/2025, 6:32:36 PM",healthy crops,58,off
"11/13/2025, 6:32:41 PM",healthy crops,56.4,off
"11/13/2025, 6:33:06 PM",healthy crops,60.2,off
"11/13/2025, 6:33:18 PM",snail-infested crops,54.2,off
"11/13/2025, 6:33:26 PM",snail-infested crops,53.6,off
"11/13/2025, 6:33:48 PM",snail-infested crops,53.2,off
"11/13/2025, 6:34:04 PM",snail-infested crops,51.6,off
"11/13/2025, 6:34:26 PM",snail-infested crops,54.3,off
"11/13/2025, 6:34:46 PM",healthy crops,55,off
"11/13/2025, 6:34:51 PM",snail-infested crops,55.1,off
"11/13/2025, 6:35:08 PM",healthy crops,52.7,off
"11/13/2025, 6:35:11 PM",snail-infested crops,62.5,off
"11/13/2025, 6:35:31 PM",snail-infested crops,53.9,off
"11/13/2025, 6:35:33 PM",healthy crops,55.8,off
"11/13/2025, 6:35:33 PM",dead crops,53.1,off
"11/13/2025, 6:35:36 PM",stressed crops,58.2,off
"11/13/2025, 6:35:38 PM",stressed crops,79.9,off
"11/13/2025, 6:35:41 PM",stressed crops,72,off
"11/13/2025, 6:35:41 PM",healthy crops,51.1,off
"11/13/2025, 6:35:43 PM",stressed crops,75.9,off
"11/13/2025, 6:35:43 PM",healthy crops,72.8,off
"11/13/2025, 6:35:46 PM",stressed crops,73.3,off
"11/13/2025, 6:35:48 PM",stressed crops,74.8,off
"11/13/2025, 6:35:51 PM",stressed crops,60.5,off
"11/13/2025, 6:35:56 PM",stressed crops,64.9,off
"11/13/2025, 6:36:03 PM",snail-infested crops,52.9,off
"11/13/2025, 6:36:06 PM",stressed crops,75.3,off
"11/13/2025, 6:36:08 PM",stressed crops,82.5,off
"11/13/2025, 6:36:11 PM",snail-infested crops,91.7,off
"11/13/2025, 6:36:13 PM",snail-infested crops,83.2,off
"11/13/2025, 6:36:16 PM",snail-infested crops,84.4,off
"11/13/2025, 6:36:18 PM",snail-infested crops,92.1,off
"11/13/2025, 6:36:21 PM",snail-infested crops,86.2,off
"11/13/2025, 6:36:23 PM",snail-infested crops,83.7,off
"11/13/2025, 6:36:26 PM",snail-infested crops,90.4,off
"11/13/2025, 6:36:28 PM",snail-infested crops,95.7,off
"11/13/2025, 6:36:31 PM",snail-infested crops,95.5,off
"11/13/2025, 6:36:33 PM",snail-infested crops,96.2,off
"11/13/2025, 6:36:36 PM",snail-infested crops,96.4,off
"11/13/2025, 6:36:36 PM",snail-infested crops,65.4,off
"11/13/2025, 6:36:38 PM",snail-infested crops,95.2,off
"11/13/2025, 6:36:41 PM",snail-infested crops,96.5,off
"11/13/2025, 6:36:43 PM",snail-infested crops,96.4,off
"11/13/2025, 6:36:46 PM",snail-infested crops,96.4,off
"11/13/2025, 6:36:48 PM",snail-infested crops,95.8,off
"11/13/2025, 6:36:51 PM",snail-infested crops,96,off
"11/13/2025, 6:36:53 PM",snail-infested crops,95.7,off
"11/13/2025, 6:36:56 PM",snail-infested crops,96.5,off
"11/13/2025, 6:36:58 PM",snail-infested crops,96.4,off
"11/13/2025, 6:37:01 PM",snail-infested crops,96.3,off
"11/13/2025, 6:37:03 PM",snail-infested crops,96.6,off
"11/13/2025, 6:37:06 PM",snail-infested crops,95.9,off
"11/13/2025, 6:37:08 PM",snail-infested crops,96.5,off
"11/13/2025, 6:37:11 PM",snail-infested crops,96.3,off
"11/13/2025, 6:37:13 PM",snail-infested crops,96.4,off
"11/13/2025, 6:37:16 PM",snail-infested crops,96.7,off
"11/13/2025, 6:37:18 PM",snail-infested crops,96.3,off
"11/13/2025, 6:37:21 PM",snail-infested crops,96,off
"11/13/2025, 6:37:23 PM",snail-infested crops,96.5,off
"11/13/2025, 6:37:26 PM",snail-infested crops,96.2,off
"11/13/2025, 6:37:28 PM",snail-infested crops,95.9,off
"11/13/2025, 6:37:31 PM",snail-infested crops,96.4,off
"11/13/2025, 6:37:33 PM",snail-infested crops,95.8,off
"11/13/2025, 6:37:36 PM",snail-infested crops,96.3,off
"11/13/2025, 6:37:38 PM",snail-infested crops,95.9,off
"11/13/2025, 6:37:41 PM",snail-infested crops,96.7,off
"11/13/2025, 6:37:43 PM",snail-infested crops,96.6,off
"11/13/2025, 6:37:46 PM",snail-infested crops,96.1,off
"11/13/2025, 6:37:48 PM",snail-infested crops,96.6,off
"11/13/2025, 6:37:51 PM",snail-infested crops,95.5,off
"11/13/2025, 6:37:53 PM",snail-infested crops,96.2,off
"11/13/2025, 6:37:56 PM",snail-infested crops,96.3,off
"11/13/2025, 6:37:58 PM",snail-infested crops,95.7,off
"11/13/2025, 6:38:01 PM",snail-infested crops,96.3,off
"11/13/2025, 6:38:03 PM",snail-infested crops,95.8,off
"11/13/2025, 6:38:06 PM",snail-infested crops,96,off
"11/13/2025, 6:38:08 PM",snail-infested crops,96,off
"11/13/2025, 6:38:11 PM",snail-infested crops,95.8,off
"11/13/2025, 6:38:13 PM",snail-infested crops,96.3,off
"11/13/2025, 6:38:16 PM",snail-infested crops,95.7,off
"11/13/2025, 6:38:18 PM",snail-infested crops,94.6,off
"11/13/2025, 6:38:21 PM",snail-infested crops,95.6,off
"11/13/2025, 6:38:26 PM",snail-infested crops,95.4,off
"11/13/2025, 6:38:31 PM",snail-infested crops,95.5,off
"11/13/2025, 6:38:36 PM",snail-infested crops,96.3,off
"11/13/2025, 6:38:39 PM",snail-infested crops,95.3,off
"11/13/2025, 6:38:42 PM",snail-infested crops,95.8,off
"11/13/2025, 6:38:55 PM",snail-infested crops,95.8,off
"11/13/2025, 6:39:28 PM",snail-infested crops,96.5,off
"11/13/2025, 7:55:18 PM",dead crops,60.8,off
"11/13/2025, 7:55:21 PM",dead crops,54.4,off
"11/13/2025, 7:56:00 PM",dead crops,62,off
"11/13/2025, 7:56:00 PM",snail-infested crops,50,off
"11/13/2025, 7:56:02 PM",dead crops,57.6,off
"11/13/2025, 7:56:05 PM",dead crops,57.5,off
"11/13/2025, 7:56:07 PM",dead crops,57.5,off
"11/13/2025, 7:56:10 PM",dead crops,59.4,off
"11/13/2025, 7:56:12 PM",dead crops,59.1,off
"11/13/2025, 7:56:15 PM",dead crops,61.2,off
"11/13/2025, 7:56:17 PM",snail-infested crops,56.4,off
"11/13/2025, 7:56:22 PM",dead crops,62,off
"11/13/2025, 7:56:25 PM",dead crops,52,off
"11/13/2025, 7:56:27 PM",dead crops,54.9,off
"11/13/2025, 7:56:29 PM",dead crops,59.7,off
"11/13/2025, 7:56:32 PM",dead crops,66.7,off
"11/13/2025, 7:56:35 PM",snail-infested crops,55.1,off
"11/13/2025, 7:56:37 PM",dead crops,63.7,off
"11/13/2025, 7:56:40 PM",snail-infested crops,59.7,off
"11/13/2025, 7:56:42 PM",dead crops,55,off
"11/13/2025, 7:56:46 PM",dead crops,58.3,off
"11/13/2025, 7:56:47 PM",dead crops,58.1,off
"11/13/2025, 7:56:50 PM",dead crops,65.4,off
"11/13/2025, 7:56:55 PM",dead crops,51.9,off
"11/13/2025, 7:57:00 PM",dead crops,53.7,off
"11/13/2025, 7:58:26 PM",dead crops,67.9,off
"11/13/2025, 7:58:34 PM",dead crops,69.4,off
"11/13/2025, 7:58:36 PM",dead crops,56,off
"11/13/2025, 7:58:46 PM",snail-infested crops,57.8,off
"11/13/2025, 7:59:07 PM",snail-infested crops,71.1,off
"11/13/2025, 7:59:11 PM",snail-infested crops,61.6,off
"11/13/2025, 7:59:13 PM",snail-infested crops,57.9,off
"11/13/2025, 7:59:16 PM",snail-infested crops,57.9,off
"11/13/2025, 7:59:19 PM",snail-infested crops,63,off
"11/13/2025, 7:59:51 PM",dead crops,66.8,off
"11/13/2025, 7:59:56 PM",snail-infested crops,72.6,off
"11/13/2025, 8:00:11 PM",snail-infested crops,71.1,off
"11/13/2025, 8:00:14 PM",snail-infested crops,51.9,off
"11/13/2025, 8:00:14 PM",snail-infested crops,51.3,off
"11/13/2025, 8:00:21 PM",snail-infested crops,68.8,off
"11/13/2025, 8:00:29 PM",snail-infested crops,64.4,off
"11/13/2025, 8:00:53 PM",snail-infested crops,64.8,off
"11/13/2025, 8:01:03 PM",snail-infested crops,63.4,off
"11/13/2025, 8:01:13 PM",snail-infested crops,54.8,off
"11/13/2025, 8:01:23 PM",snail-infested crops,67.4,off
"11/13/2025, 8:01:34 PM",snail-infested crops,50.1,off
"11/13/2025, 8:01:36 PM",dead crops,61.3,off
"11/13/2025, 8:01:38 PM",snail-infested crops,63.9,off
"11/13/2025, 8:01:43 PM",dead crops,69.5,off
"11/13/2025, 8:01:44 PM",snail-infested crops,54.7,off
"11/13/2025, 8:01:44 PM",snail-infested crops,51.8,off
"11/13/2025, 8:06:15 PM",dead crops,52.6,off
"11/13/2025, 8:07:15 PM",snail-infested crops,54,off
"11/13/2025, 8:08:15 PM",dead crops,55.6,off
"11/13/2025, 8:12:17 PM",dead crops,62.8,off
"11/13/2025, 8:14:17 PM",snail-infested crops,62.2,off
"11/13/2025, 8:38:03 PM",snail-infested crops,62.4,off
"11/13/2025, 8:38:25 PM",snail-infested crops,58.1,off
"11/13/2025, 8:38:40 PM",snail-infested crops,53.8,off
"11/13/2025, 8:38:43 PM",snail-infested crops,74.2,off
"11/13/2025, 8:38:51 PM",snail-infested crops,56.2,off
"11/13/2025, 8:38:55 PM",snail-infested crops,51.6,off
"11/13/2025, 8:39:00 PM",snail-infested crops,71.6,off
"11/13/2025, 8:39:03 PM",snail-infested crops,50.7,off
"11/13/2025, 8:39:06 PM",snail-infested crops,56.9,off
"11/13/2025, 8:39:08 PM",snail-infested crops,56.7,off
"11/13/2025, 8:39:11 PM",snail-infested crops,56.7,off
"11/13/2025, 8:39:44 PM",snail-infested crops,75,off
"11/13/2025, 8:39:44 PM",snail-infested crops,59.6,off
"11/13/2025, 8:39:47 PM",snail-infested crops,71.8,off
"11/13/2025, 8:39:51 PM",snail-infested crops,52.6,off
"11/13/2025, 8:40:03 PM",snail-infested crops,64.6,off
"11/13/2025, 8:40:07 PM",stressed crops,83,off
"11/13/2025, 8:40:10 PM",stressed crops,51.7,off
"11/13/2025, 8:40:17 PM",snail-infested crops,61.1,off
"11/13/2025, 8:40:19 PM",stressed crops,59.1,off
"11/13/2025, 8:40:22 PM",stressed crops,91.4,off
"11/13/2025, 8:40:22 PM",stressed crops,81.2,off
"11/13/2025, 8:40:26 PM",stressed crops,91.4,off
"11/13/2025, 8:40:26 PM",stressed crops,81.2,off
"11/13/2025, 8:40:27 PM",stressed crops,91.4,off
"11/13/2025, 8:40:27 PM",stressed crops,81.2,off
"11/13/2025, 8:40:31 PM",stressed crops,89.7,off
"11/13/2025, 8:40:31 PM",stressed crops,81.6,off
"11/13/2025, 8:40:34 PM",stressed crops,87.5,off
"11/13/2025, 8:40:34 PM",stressed crops,53.8,off
"11/13/2025, 8:40:37 PM",stressed crops,87.5,off
"11/13/2025, 8:40:37 PM",stressed crops,53.8,off
"11/13/2025, 8:40:40 PM",stressed crops,88.6,off
"11/13/2025, 8:40:40 PM",stressed crops,57.6,off
"11/13/2025, 8:40:44 PM",stressed crops,83,off
"11/13/2025, 8:40:49 PM",stressed crops,86.2,off
"11/13/2025, 8:40:49 PM",stressed crops,73.5,off
"11/13/2025, 8:40:52 PM",stressed crops,86.2,off
"11/13/2025, 8:40:52 PM",stressed crops,73.5,off
"11/13/2025, 8:40:54 PM",stressed crops,88,off
"11/13/2025, 8:40:54 PM",stressed crops,54.2,off
"11/13/2025, 8:40:57 PM",stressed crops,85.6,off
"11/13/2025, 8:40:57 PM",stressed crops,55.2,off
"11/13/2025, 8:40:57 PM",snail-infested crops,54.3,off
"11/13/2025, 8:41:00 PM",stressed crops,84.9,off
"11/13/2025, 8:41:00 PM",stressed crops,51.1,off
"11/13/2025, 8:41:02 PM",stressed crops,89.5,off
"11/13/2025, 8:41:04 PM",stressed crops,88.1,off
"11/13/2025, 8:41:04 PM",stressed crops,60.3,off
"11/13/2025, 8:41:04 PM",stressed crops,52.7,off
"11/13/2025, 8:41:07 PM",stressed crops,80.4,off
"11/13/2025, 8:41:07 PM",stressed crops,58.6,off
"11/13/2025, 8:41:09 PM",stressed crops,64.4,off
"11/13/2025, 8:41:09 PM",stressed crops,55.4,off
"11/13/2025, 8:41:12 PM",stressed crops,71.2,off
"11/13/2025, 8:41:14 PM",stressed crops,78.3,off
"11/13/2025, 8:41:18 PM",stressed crops,76.6,off
"11/13/2025, 8:41:18 PM",stressed crops,52.5,off
"11/13/2025, 8:41:19 PM",stressed crops,75.2,off
"11/13/2025, 8:41:19 PM",stressed crops,54.2,off
"11/13/2025, 8:41:23 PM",stressed crops,66.6,off
"11/13/2025, 8:41:23 PM",stressed crops,59.7,off
"11/13/2025, 8:41:24 PM",stressed crops,69.2,off
"11/13/2025, 8:41:24 PM",stressed crops,60.7,off
"11/13/2025, 8:41:29 PM",stressed crops,72,off
"11/13/2025, 8:41:35 PM",stressed crops,77.4,off
"11/13/2025, 8:41:42 PM",snail-infested crops,90.3,off
"11/13/2025, 8:41:44 PM",snail-infested crops,88.9,off
"11/13/2025, 8:41:47 PM",snail-infested crops,83.8,off
"11/13/2025, 8:41:52 PM",snail-infested crops,90.6,off
"11/13/2025, 8:41:58 PM",snail-infested crops,94.3,off
"11/13/2025, 8:42:02 PM",snail-infested crops,90.5,off
"11/13/2025, 8:42:07 PM",snail-infested crops,90.7,off
"11/13/2025, 8:42:12 PM",snail-infested crops,86.4,off
"11/13/2025, 8:42:17 PM",snail-infested crops,76.9,off
"11/13/2025, 8:42:19 PM",snail-infested crops,80.5,off
"11/13/2025, 8:42:24 PM",snail-infested crops,52,off
"11/13/2025, 8:42:28 PM",snail-infested crops,53.3,off
"11/13/2025, 8:42:37 PM",snail-infested crops,74.7,off
"11/13/2025, 8:42:40 PM",stressed crops,80.8,off
"11/13/2025, 8:42:42 PM",stressed crops,51,off
"11/13/2025, 8:42:49 PM",stressed crops,64.3,off
"11/13/2025, 8:42:55 PM",dead crops,52.7,off
"11/13/2025, 8:42:58 PM",stressed crops,59.8,off
"11/13/2025, 8:42:59 PM",snail-infested crops,62.7,off
"11/13/2025, 8:43:04 PM",stressed crops,70.9,off
"11/13/2025, 8:43:08 PM",snail-infested crops,60.7,off
"11/13/2025, 8:43:12 PM",stressed crops,65.2,off
"11/13/2025, 8:43:17 PM",stressed crops,65.1,off
"11/13/2025, 8:43:24 PM",stressed crops,63,off
"11/13/2025, 8:43:30 PM",stressed crops,62.9,off
"11/13/2025, 8:43:32 PM",stressed crops,61.2,off
"11/13/2025, 8:43:35 PM",stressed crops,66.3,off
"11/13/2025, 8:43:37 PM",dead crops,54.1,off
"11/13/2025, 8:43:40 PM",dead crops,56.3,off
"11/13/2025, 8:43:44 PM",stressed crops,69,off
"11/13/2025, 8:43:50 PM",snail-infested crops,67,off
"11/13/2025, 8:43:52 PM",dead crops,63.8,off
"11/13/2025, 8:43:55 PM",dead crops,52.5,off
"11/13/2025, 8:43:57 PM",stressed crops,67.2,off
"11/13/2025, 8:43:59 PM",stressed crops,67.2,off
"11/13/2025, 8:44:03 PM",snail-infested crops,56.1,off
"11/13/2025, 8:44:07 PM",stressed crops,52.6,off
"11/13/2025, 8:44:09 PM",stressed crops,61.8,off
"11/13/2025, 8:44:14 PM",snail-infested crops,59.4,off
"11/13/2025, 8:44:17 PM",snail-infested crops,76.8,off
"11/13/2025, 8:44:22 PM",stressed crops,59,off
"11/13/2025, 8:44:24 PM",stressed crops,59,off
"11/13/2025, 8:44:28 PM",stressed crops,71.1,off
"11/13/2025, 8:44:30 PM",stressed crops,76,off
"11/13/2025, 8:44:33 PM",stressed crops,76.7,off
"11/13/2025, 8:44:34 PM",stressed crops,63.9,off
"11/13/2025, 8:44:42 PM",snail-infested crops,63.2,off
"11/13/2025, 8:44:47 PM",snail-infested crops,55.2,off
"11/13/2025, 8:44:52 PM",stressed crops,56.5,off
"11/13/2025, 8:44:54 PM",stressed crops,52.4,off
"11/13/2025, 8:45:34 PM",healthy crops,65.9,off
"11/13/2025, 8:45:34 PM",snail-infested crops,64.8,off
"11/13/2025, 8:45:37 PM",healthy crops,65.9,off
"11/13/2025, 8:45:37 PM",snail-infested crops,64.8,off
"11/13/2025, 8:45:39 PM",snail-infested crops,85.5,off
"11/13/2025, 8:45:39 PM",stressed crops,51.8,off
"11/13/2025, 8:45:42 PM",snail-infested crops,85.4,off
"11/13/2025, 8:45:42 PM",stressed crops,51.8,off
"11/13/2025, 8:45:44 PM",stressed crops,83.1,off
"11/13/2025, 8:45:47 PM",stressed crops,57.2,off
"11/13/2025, 8:45:47 PM",stressed crops,50.9,off
"11/13/2025, 8:45:49 PM",stressed crops,69.2,off
"11/13/2025, 8:45:49 PM",snail-infested crops,65.3,off
"11/13/2025, 8:45:52 PM",stressed crops,73.4,off
"11/13/2025, 8:45:54 PM",stressed crops,90.9,off
"11/13/2025, 8:45:57 PM",stressed crops,72.3,off
"11/13/2025, 8:46:00 PM",stressed crops,66.1,off
"11/13/2025, 8:46:02 PM",stressed crops,60.4,off
"11/13/2025, 8:46:04 PM",stressed crops,60.4,off
"11/13/2025, 8:46:09 PM",stressed crops,66.1,off
"11/13/2025, 8:50:05 PM",snail-infested crops,90.1,off
"11/13/2025, 8:50:05 PM",healthy crops,79.6,off
"11/13/2025, 8:50:08 PM",snail-infested crops,94.4,off
"11/13/2025, 8:50:08 PM",healthy crops,71.5,off
"11/13/2025, 8:50:10 PM",snail-infested crops,94.4,off
"11/13/2025, 8:50:10 PM",healthy crops,71.5,off
"11/13/2025, 8:50:13 PM",snail-infested crops,91.3,off
"11/13/2025, 8:50:13 PM",healthy crops,86.5,off
"11/13/2025, 8:50:15 PM",snail-infested crops,91.2,off
"11/13/2025, 8:50:15 PM",healthy crops,86.5,off
"11/13/2025, 8:50:18 PM",snail-infested crops,91.2,off
"11/13/2025, 8:50:18 PM",healthy crops,86.5,off
"11/13/2025, 8:50:20 PM",snail-infested crops,94,off
"11/13/2025, 8:50:20 PM",healthy crops,66.6,off
"11/13/2025, 8:50:23 PM",snail-infested crops,70.2,off
"11/13/2025, 8:50:23 PM",stressed crops,63.3,off
"11/13/2025, 8:50:25 PM",stressed crops,58.9,off
"11/13/2025, 8:50:25 PM",snail-infested crops,57.5,off
"11/13/2025, 8:50:28 PM",dead crops,54.7,off
"11/13/2025, 8:50:30 PM",snail-infested crops,59.6,off
"11/13/2025, 8:50:30 PM",stressed crops,51.2,off
"11/13/2025, 8:50:33 PM",dead crops,70.4,off
"11/13/2025, 8:50:33 PM",snail-infested crops,62.8,off
"11/13/2025, 8:50:36 PM",snail-infested crops,51.3,off
"11/13/2025, 8:50:38 PM",dead crops,53.6,off
"11/13/2025, 8:50:40 PM",stressed crops,69.7,off
"11/13/2025, 8:50:50 PM",snail-infested crops,81.3,off
"11/13/2025, 8:50:50 PM",snail-infested crops,72.5,off
"11/13/2025, 8:50:53 PM",stressed crops,62.9,off
"11/13/2025, 8:50:55 PM",healthy crops,54.3,off
"11/13/2025, 8:50:55 PM",stressed crops,50.4,off
"11/13/2025, 8:50:58 PM",stressed crops,61.9,off
"11/13/2025, 8:50:58 PM",stressed crops,59.3,off
"11/13/2025, 8:51:00 PM",stressed crops,78.2,off
"11/13/2025, 8:51:03 PM",stressed crops,56.8,off
"11/13/2025, 8:51:06 PM",stressed crops,53.5,off
"11/13/2025, 8:51:06 PM",healthy crops,50.2,off
"11/13/2025, 8:51:08 PM",stressed crops,62.7,off
"11/13/2025, 8:51:20 PM",snail-infested crops,59.8,off
"11/13/2025, 8:51:23 PM",snail-infested crops,70.1,off
"11/13/2025, 8:51:23 PM",stressed crops,65.6,off
"11/13/2025, 8:51:23 PM",healthy crops,58.5,off
"11/13/2025, 8:51:25 PM",stressed crops,88.8,off
"11/13/2025, 8:51:28 PM",stressed crops,88.6,off
"11/13/2025, 8:51:31 PM",stressed crops,89.9,off
"11/13/2025, 8:51:31 PM",snail-infested crops,64.7,off
"11/13/2025, 8:51:34 PM",stressed crops,80.1,off
"11/13/2025, 8:51:35 PM",stressed crops,82.2,off
"11/13/2025, 8:51:35 PM",snail-infested crops,61.9,off
"11/13/2025, 8:51:35 PM",healthy crops,56.9,off
"11/13/2025, 8:51:35 PM",stressed crops,50,off
"11/13/2025, 8:51:38 PM",stressed crops,92,off
"11/13/2025, 8:51:40 PM",stressed crops,91.8,off
"11/13/2025, 8:51:40 PM",stressed crops,57.8,off
"11/13/2025, 8:51:43 PM",stressed crops,78.4,off
"11/13/2025, 8:51:43 PM",snail-infested crops,57.6,off
"11/13/2025, 8:51:45 PM",stressed crops,83.1,off
"11/13/2025, 8:51:45 PM",snail-infested crops,59,off
"11/13/2025, 8:51:50 PM",stressed crops,66.1,off
"11/13/2025, 8:51:53 PM",stressed crops,84.3,off
"11/13/2025, 8:52:01 PM",healthy crops,70.2,off
"11/13/2025, 8:52:03 PM",healthy crops,90.1,off
"11/13/2025, 8:52:08 PM",healthy crops,75.1,off
"11/13/2025, 8:52:11 PM",healthy crops,78.9,off
"11/13/2025, 8:52:15 PM",healthy crops,58.1,off
"11/13/2025, 8:52:20 PM",stressed crops,51.8,off
"11/13/2025, 8:52:25 PM",healthy crops,72.1,off
"11/13/2025, 8:52:30 PM",healthy crops,67.5,off
"11/13/2025, 8:52:38 PM",dead crops,85.8,off
"11/13/2025, 8:52:43 PM",dead crops,92.2,off
"11/13/2025, 8:53:17 PM",stressed crops,89.3,off
"11/13/2025, 8:53:17 PM",stressed crops,71.7,off
"11/13/2025, 8:53:19 PM",stressed crops,80.2,off
"11/13/2025, 8:53:22 PM",stressed crops,77,off
"11/13/2025, 8:53:24 PM",stressed crops,87.6,off
"11/13/2025, 8:53:24 PM",stressed crops,63.9,off
"11/13/2025, 8:53:27 PM",stressed crops,59.4,off
"11/13/2025, 8:53:29 PM",stressed crops,73.1,off
"11/13/2025, 8:53:34 PM",stressed crops,57.1,off
"11/13/2025, 8:53:37 PM",stressed crops,59.9,off
"11/13/2025, 8:53:40 PM",stressed crops,50.6,off
"11/13/2025, 8:53:42 PM",stressed crops,65.9,off
"11/13/2025, 8:53:44 PM",stressed crops,61.2,off
"11/13/2025, 8:53:47 PM",stressed crops,64.9,off
"11/13/2025, 8:53:52 PM",stressed crops,69,off
"11/13/2025, 8:53:54 PM",stressed crops,77.8,off
"11/13/2025, 8:53:59 PM",stressed crops,62.3,off
"11/13/2025, 8:54:04 PM",stressed crops,62.2,off
"11/13/2025, 8:54:09 PM",stressed crops,62.3,off
"11/13/2025, 8:56:02 PM",snail-infested crops,69.5,off
"11/13/2025, 8:56:06 PM",snail-infested crops,87.6,off
"11/13/2025, 8:56:08 PM",snail-infested crops,77.6,off
"11/13/2025, 8:56:10 PM",snail-infested crops,79.8,off
"11/13/2025, 8:56:12 PM",snail-infested crops,78.8,off
"11/13/2025, 8:56:15 PM",snail-infested crops,88.1,off
"11/13/2025, 8:56:18 PM",snail-infested crops,83.2,off
"11/13/2025, 8:56:18 PM",healthy crops,75.8,off
"11/13/2025, 8:56:20 PM",snail-infested crops,89.6,off
"11/13/2025, 8:56:20 PM",healthy crops,51.2,off
"11/13/2025, 8:56:23 PM",snail-infested crops,88.2,off
"11/13/2025, 8:56:25 PM",healthy crops,62.3,off
"11/13/2025, 8:56:28 PM",snail-infested crops,74.3,off
"11/13/2025, 8:56:30 PM",healthy crops,58.3,off
"11/13/2025, 8:56:34 PM",healthy crops,53.9,off
"11/13/2025, 8:56:35 PM",healthy crops,57.1,off
"11/13/2025, 8:56:35 PM",snail-infested crops,55.2,off
"11/13/2025, 8:56:40 PM",healthy crops,53.5,off
"11/13/2025, 8:56:42 PM",healthy crops,62.7,off
"11/13/2025, 8:56:42 PM",snail-infested crops,61.3,off
"11/13/2025, 8:56:45 PM",healthy crops,72.6,off
"11/13/2025, 8:56:45 PM",snail-infested crops,59.6,off
"11/13/2025, 8:56:47 PM",snail-infested crops,79.1,off
"11/13/2025, 8:56:47 PM",healthy crops,53.7,off
"11/13/2025, 8:56:52 PM",snail-infested crops,52,off
"11/13/2025, 8:56:55 PM",snail-infested crops,71.2,off
"11/13/2025, 8:56:55 PM",healthy crops,56.2,off
"11/13/2025, 8:56:57 PM",snail-infested crops,71.2,off
"11/13/2025, 8:56:57 PM",healthy crops,56.2,off
"11/13/2025, 8:57:00 PM",snail-infested crops,59,off
"11/13/2025, 8:57:00 PM",healthy crops,55.2,off
"11/13/2025, 8:57:02 PM",healthy crops,52,off
"11/13/2025, 8:57:05 PM",snail-infested crops,79.6,off
"11/13/2025, 8:57:05 PM",healthy crops,63.3,off
"11/13/2025, 8:57:07 PM",healthy crops,53.3,off
"11/13/2025, 8:57:11 PM",healthy crops,66.3,off
"11/13/2025, 8:57:13 PM",healthy crops,67.3,off
"11/13/2025, 8:57:15 PM",snail-infested crops,56.2,off
"11/13/2025, 8:57:15 PM",healthy crops,55,off
"11/13/2025, 8:57:17 PM",snail-infested crops,82,off
"11/13/2025, 8:57:17 PM",snail-infested crops,50.6,off
"11/13/2025, 8:57:35 PM",dead crops,50.7,off
"11/13/2025, 8:57:50 PM",snail-infested crops,56.2,off
"11/13/2025, 8:57:57 PM",snail-infested crops,81.1,off
"11/13/2025, 8:57:57 PM",snail-infested crops,69,off
"11/13/2025, 8:58:00 PM",snail-infested crops,75.9,off
"11/13/2025, 8:58:03 PM",snail-infested crops,84.3,off
"11/13/2025, 8:58:05 PM",snail-infested crops,77.9,off
"11/13/2025, 8:58:08 PM",snail-infested crops,68.5,off
"11/13/2025, 8:58:08 PM",dead crops,50,off
"11/13/2025, 8:58:12 PM",snail-infested crops,57,off
"11/13/2025, 8:58:15 PM",snail-infested crops,94.9,off
"11/13/2025, 8:58:18 PM",snail-infested crops,78,off
"11/13/2025, 8:58:18 PM",snail-infested crops,53,off
"11/13/2025, 8:58:20 PM",snail-infested crops,79.3,off
"11/13/2025, 8:58:20 PM",snail-infested crops,58.7,off
"11/13/2025, 8:58:22 PM",snail-infested crops,79.1,off
"11/13/2025, 8:58:22 PM",snail-infested crops,59.1,off
"11/13/2025, 8:58:25 PM",healthy crops,62.5,off
"11/13/2025, 8:58:27 PM",snail-infested crops,92.6,off
"11/13/2025, 8:58:30 PM",snail-infested crops,81.3,off
"11/13/2025, 8:58:32 PM",snail-infested crops,82.4,off
"11/13/2025, 8:58:35 PM",snail-infested crops,85.1,off
"11/13/2025, 8:58:37 PM",stressed crops,58.7,off
"11/13/2025, 8:58:42 PM",snail-infested crops,94.8,off
"11/13/2025, 8:58:45 PM",snail-infested crops,96.1,off
"11/13/2025, 8:58:48 PM",snail-infested crops,94.3,off
"11/13/2025, 8:58:50 PM",snail-infested crops,95.6,off
"11/13/2025, 8:58:53 PM",snail-infested crops,96,off
"11/13/2025, 8:58:55 PM",snail-infested crops,95.8,off
"11/13/2025, 8:58:57 PM",snail-infested crops,83.2,off
"11/13/2025, 8:59:02 PM",snail-infested crops,94.4,off
"11/13/2025, 8:59:05 PM",snail-infested crops,87.1,off
"11/13/2025, 8:59:10 PM",snail-infested crops,95.5,off
"11/13/2025, 8:59:13 PM",snail-infested crops,96,off
"11/13/2025, 8:59:15 PM",stressed crops,66.9,off
"11/13/2025, 8:59:20 PM",snail-infested crops,93.8,off
"11/13/2025, 8:59:26 PM",snail-infested crops,94.1,off
"11/13/2025, 8:59:27 PM",snail-infested crops,93.9,off
"11/13/2025, 8:59:30 PM",snail-infested crops,93.8,off
"11/13/2025, 8:59:32 PM",snail-infested crops,93.2,off
"11/13/2025, 8:59:37 PM",stressed crops,78.5,off
"11/13/2025, 8:59:40 PM",stressed crops,63.4,off
"11/13/2025, 8:59:45 PM",dead crops,78.5,off
"11/13/2025, 8:59:57 PM",stressed crops,83.1,off
"11/13/2025, 9:00:00 PM",stressed crops,65,off
"11/13/2025, 9:00:02 PM",stressed crops,74.8,off
"11/13/2025, 9:00:02 PM",stressed crops,73.8,off
"11/13/2025, 9:00:05 PM",stressed crops,69.6,off
"11/13/2025, 9:00:07 PM",stressed crops,85.4,off
"11/13/2025, 9:00:10 PM",stressed crops,80.9,off
"11/13/2025, 9:00:12 PM",dead crops,87.6,off
"11/13/2025, 9:00:15 PM",dead crops,74.4,off
"11/13/2025, 9:00:20 PM",stressed crops,82.8,off
"11/13/2025, 9:00:22 PM",stressed crops,82.4,off
"11/13/2025, 9:00:25 PM",stressed crops,86,off
"11/13/2025, 9:00:30 PM",dead crops,76.2,off
"11/13/2025, 9:00:30 PM",stressed crops,73.2,off
"11/13/2025, 9:00:33 PM",dead crops,68.7,off
"11/13/2025, 9:00:37 PM",snail-infested crops,65.2,off
"11/13/2025, 9:00:41 PM",snail-infested crops,77.9,off
"11/13/2025, 9:00:43 PM",dead crops,86,off
"11/13/2025, 9:00:45 PM",stressed crops,83.2,off
"11/13/2025, 9:00:50 PM",stressed crops,86.3,off
"11/13/2025, 9:00:53 PM",stressed crops,91.6,off
"11/13/2025, 9:00:58 PM",stressed crops,93.2,off
"11/13/2025, 9:01:00 PM",stressed crops,93.9,off
"11/13/2025, 9:01:02 PM",stressed crops,93.1,off
"11/13/2025, 9:01:05 PM",stressed crops,93.8,off
"11/13/2025, 9:01:10 PM",stressed crops,93.4,off
"11/13/2025, 9:01:12 PM",stressed crops,92.4,off
"11/13/2025, 9:01:15 PM",stressed crops,92.7,off
"11/13/2025, 9:01:20 PM",stressed crops,93.7,off
"11/13/2025, 9:01:25 PM",stressed crops,92.6,off
"11/13/2025, 9:01:27 PM",stressed crops,93.2,off